"Mã sản phẩm","Tên sản phẩm","Nhóm sản phẩm","Mã biến thể","Tên biến thể","Mô tả","Model","Công suất","Điện áp vào","Điện áp ra","Tương thích chip LED","Dimming","Tính năng","Xuất xứ"
"NHK","Nguồn HKLED","Nguồn HKLED","NHK-12W350","Nguồn HKLED 10W - Model: NHK-12W350 | Không (Input: AC 220V / Output: DC 21-40V)","NGUỒN ĐIỆN ĐÈN LED 12W
Model: NHK-12W350
- Điện áp vào: 100-277V
- Điện áp ra: 21-40V
- Dòng điện ra: 350mA
- Chống sét tích hợp: 1.5Kv
- Kích thước sản phẩm: 72*30*20m - 70g
- Quy cách: 170 cái/hộp, - Cân nặng: 13600g
- Kích thước hộp: 33.5*24.5*24cm","NHK-12W350","10","AC 220V","DC 30V","5C","Không","","China"
"NHK","Nguồn HKLED","Nguồn HKLED","NHK-20W600","Nguồn HKLED 20W - Model: NHK-20W600 | Không (Input: AC 220V / Output: DC 20-36V)","NGUỒN ĐIỆN ĐÈN LED 20W
Model: NHK-20W600
- Điện áp vào: 100-277V
- Điện áp ra: 20-36V
- Dòng điện ra: 600mA
- Chống sét tích hợp: 2.0Kv
- Kích thước sản phẩm: 90*30*20m - 90g
- Quy cách: 170 cái/hộp, - Cân nặng: 13600g
- Kích thước hộp: 33.5*22*21cm","NHK-20W600","20","AC 220V","DC 30V","5C","Không","","China"
"NHK","Nguồn HKLED","Nguồn HKLED","NHK-30W900","Nguồn HKLED 30W - Model: NHK-30W900 | Không (Input: AC 220V / Output: DC 20-36V)","NGUỒN ĐIỆN ĐÈN LED 30W
Model: NHK-30W900
- Điện áp vào: 100-277V
- Điện áp ra: 20-36V
- Dòng điện ra: 900mA
- Chống sét tích hợp: 2.0Kv
- Kích thước sản phẩm: 98*32*24m - 140g
- Quy cách: 70 cái/hộp, - Cân nặng: 10430g
- Kích thước hộp: 33.5*22*21cm","NHK-30W900","30","AC 220V","DC 30V","5C","Không","","China"
"NHK","Nguồn HKLED","Nguồn HKLED","NHK-50W1A35","Nguồn HKLED 50W - Model: NHK-50W1A35 | Không (Input: AC 220V / Output: DC 22-38V)","NGUỒN ĐIỆN ĐÈN LED 50W
Model: NHK-50W1A35
- Điện áp vào: 100-277V
- Điện áp ra: 22-38V
- Dòng điện ra: 1350mA
- Chống sét tích hợp: 2.0Kv
- Kích thước sản phẩm: 103*37*24m - 150g
- Quy cách: 70 cái/hộp, - Cân nặng: 11600g
- Kích thước hộp: 33.5*22*21cm","NHK-50W1A35","50","AC 220V","DC 30V","5C","Không","","China"
"NHK","Nguồn HKLED","Nguồn HKLED","NHKP-050E","Nguồn HKLED 50W - Model: NHKP-050E | Dim 1 Cấp (Input: AC 220V / Output: DC 20-38V)","NGUỒN ĐIỆN ĐÈN LED 50W
Model: NHKP-050E
- Điện áp vào: 100-277V
- Điện áp ra: 20-38V
- Dòng điện ra:  900 - 1500mA ±5%
- Chống sét tích hợp: 2.0Kv
- Kích thước sản phẩm: 115*52*31mm - 310g
- Quy cách: 50 cái/hộp, - Cân nặng: 15400g
- Kích thước hộp: 33.5*24.5*24cm","NHKP-050E","50","AC 220V","DC 30V","5C","Dim 1 Cấp","","China"
"NHK","Nguồn HKLED","Nguồn HKLED","NHKP-100E","Nguồn HKLED 100W - Model: NHKP-100E | Dim 1 Cấp (Input: AC 220V / Output: DC 20-38V)","NGUỒN ĐIỆN ĐÈN LED 100W
Model: NHKP-100E
- Điện áp vào: 100-277V
- Điện áp ra: 20-38V
- Dòng điện ra: 2000 - 3000mA ±5%
- Chống sét tích hợp: 6.0Kv
- Kích thước sản phẩm: 132*57*37mm - 440g
- Quy cách: 36 cái/hộp, - Cân nặng: 14100g
- Kích thước hộp: 33.5*24.5*24cm","NHKP-100E","100","AC 220V","DC 30V","5C","Dim 1 Cấp","","China"
"NHK","Nguồn HKLED","Nguồn HKLED","NHKP-150E","Nguồn HKLED 150W - Model: NHKP-150E | Dim 1 Cấp (Input: AC 220V / Output: DC 20-38V)","NGUỒN ĐIỆN ĐÈN LED 150W
Model: NHKP-150E
- Điện áp vào: 100-277V
- Điện áp ra: 20-38V
- Dòng điện ra: 2700 - 4600mA ±5%
- Chống sét tích hợp: 6.0Kv
- Kích thước sản phẩm: 160*68*37mm - 660g
- Quy cách: 25 cái/hộp, - Cân nặng: 16700g
- Kích thước hộp: 33.5*24.5*24cm","NHKP-150E","150","AC 220V","DC 30V","5C","Dim 1 Cấp","","China"
"NHK","Nguồn HKLED","Nguồn HKLED","NHKP-200E","Nguồn HKLED 200W - Model: NHKP-200E | Dim 1 Cấp (Input: AC 220V / Output: DC 20-38V)","NGUỒN ĐIỆN ĐÈN LED 200W
Model: NHKP-200E
- Điện áp vào: 100-277V
- Điện áp ra: 20-38V
- Dòng điện ra: 4000 - 6000mA ±5%
- Chống sét tích hợp: 6.0Kv
- Kích thước sản phẩm: 185*68*37mm - 750g
- Quy cách: 25 cái/hộp, - Cân nặng: 19100g
- Kích thước hộp: 33.5*24.5*24cm","NHKP-200E","200","AC 220V","DC 30V","5C","Dim 1 Cấp","","China"
"NHK","Nguồn HKLED","Nguồn HKLED","NHKP-240E","Nguồn HKLED 250W - Model: NHKP-240E | Dim 1 Cấp (Input: AC 220V / Output: DC 20-38V)","NGUỒN ĐIỆN ĐÈN LED 240W
Model: NHKP-240E
- Điện áp vào: 100-277V
- Điện áp ra: 20-38V
- Dòng điện ra: 4500 - 7200mA ±5%
- Chống sét tích hợp: 6.0Kv
- Kích thước SP: 185*68*37mm - 750g
- Quy cách: 15 cái/hộp, - Cân nặng: 14900g
- Kích thước hộp: 33.5*24.5*24cm","NHKP-240E","250","AC 220V","DC 30V","5C","Dim 1 Cấp","","China"
"NHK","Nguồn HKLED","Nguồn HKLED","NHKP-300E","Nguồn HKLED 300W - Model: NHKP-300E | Dim 1 Cấp (Input: AC 220V / Output: DC 20-38V)","NGUỒN ĐIỆN ĐÈN LED 300W
Model: NHKP-300E
- Điện áp vào: 100-277V
- Điện áp ra: 20-38V
- Dòng điện ra: 6000 - 9000mA ±5%
- Chống sét tích hợp: 6.0Kv
- Kích thước SP: 231*76*38mm - 750g
- Quy cách: 15 cái/hộp, - Cân nặng: 14900g
- Kích thước hộp: 33.5*24.5*24cm","NHKP-300E","300","AC 220V","DC 30V","5C","Dim 1 Cấp","","China"
"NHK","Nguồn HKLED","Nguồn HKLED","NHKD-050A","Nguồn HKLED 50W - Model: NHKD-050A | Dim 5 Cấp (Input: AC 220V / Output: DC 28-56V)","NGUỒN ĐIỆN DIM 5 CẤP ĐÈN LED 50W
- Model: NHKD-050A
- Điện áp vào: 100-277V
- Điện áp ra: 28-56V
- Dòng điện ra: 500 - 1500mA ±5%
- Chống sét tích hợp: 2.0Kv
- Kích thước sản phẩm: 123*52*31mm - 310g
- Quy cách: 50 cái/hộp, - Cân nặng: 15400g
- Kích thước hộp: 33.5*24.5*24cm","NHKD-050A","50","AC 220V","DC 30V","5C","Dim 5 Cấp","","China"
"NHK","Nguồn HKLED","Nguồn HKLED","NHKD-100A","Nguồn HKLED 100W - Model: NHKD-100A | Dim 5 Cấp (Input: AC 220V / Output: DC 28-56V)","NGUỒN ĐIỆN DIM 5 CẤP ĐÈN LED 100W
Model: NHKD-100A
- Điện áp vào: 100-277V
- Điện áp ra: 28-56V
- Dòng điện ra: 1000 - 3000mA ±5%
- Chống sét tích hợp: 6.0Kv
- Kích thước sản phẩm: 140*57*37mm - 440g
- Quy cách: 36 cái/hộp, - Cân nặng: 14100g
- Kích thước hộp: 33.5*24.5*24cm","NHKD-100A","100","AC 220V","DC 30V","5C","Dim 5 Cấp","","China"
"NHK","Nguồn HKLED","Nguồn HKLED","NHKD-150A","Nguồn HKLED 150W - Model: NHKD-150A | Dim 5 Cấp (Input: AC 220V / Output: DC 28-56V)","NGUỒN ĐIỆN DIM 5 CẤP ĐÈN LED 150W
Model: NHKD-150A
- Điện áp vào: 100-277V
- Điện áp ra: 28-56V
- Dòng điện ra: 2700 - 4600mA ±5%
- Chống sét tích hợp: 6.0Kv
- Kích thước sản phẩm: 160*68*37mm - 660g
- Quy cách: 25 cái/hộp, - Cân nặng: 16700g
- Kích thước hộp: 33.5*24.5*24cm","NHKD-150A","150","AC 220V","DC 30V","5C","Dim 5 Cấp","","China"
"NHK","Nguồn HKLED","Nguồn HKLED","NHKD-200A","Nguồn HKLED 200W - Model: NHKD-200A | Dim 5 Cấp (Input: AC 220V / Output: DC 28-56V)","NGUỒN ĐIỆN DIM 5 CẤP ĐÈN LED 200W
Model: NHKD-200A
- Điện áp vào: 100-277V
- Điện áp ra: 28-56V
- Dòng điện ra: 2000 - 6000mA ±5%
- Chống sét tích hợp: 6.0Kv
- Kích thước sản phẩm: 190*68*37mm - 750g
- Quy cách: 25 cái/hộp, - Cân nặng: 19100g
- Kích thước hộp: 33.5*24.5*24cm","NHKD-200A","200","AC 220V","DC 30V","5C","Dim 5 Cấp","","China"
"NHK","Nguồn HKLED","Nguồn HKLED","NHKD-240A","Nguồn HKLED 250W - Model: NHKD-240A | Dim 5 Cấp (Input: AC 220V / Output: DC 28-56V)","NGUỒN ĐIỆN DIM 5 CẤP ĐÈN LED 240W
Model: NHKD-240A
- Điện áp vào: 100-277V
- Điện áp ra: 28-56V
- Dòng điện ra: 3500 - 7000mA ±5%
- Chống sét tích hợp: 6.0Kv
- Kích thước sản phẩm: 190*68*37mm - 750g
- Quy cách: 25 cái/hộp, - Cân nặng: 19100g
- Kích thước hộp: 33.5*24.5*24cm","NHKD-240A","250","AC 220V","DC 30V","5C","Dim 5 Cấp","","China"
"NHK","Nguồn HKLED","Nguồn HKLED","NHKD-300A","Nguồn HKLED 300W - Model: NHKD-300A | Dim 5 Cấp (Input: AC 220V / Output: DC 28-56V)","NGUỒN ĐIỆN DIM 5 CẤP ĐÈN LED 300W
Model: NHKD-300A
- Điện áp vào: 100-277V
- Điện áp ra: 28-56V
- Dòng điện ra: 4800 - 9000mA ±5%
- Chống sét tích hợp: 6.0Kv
- Kích thước sản phẩm: 240*76*37mm - 1850g
- Quy cách: 25 cái/hộp, - Cân nặng: 19100g
- Kích thước hộp: 33.5*24.5*24cm","NHKD-300A","300","AC 220V","DC 30V","5C","Dim 5 Cấp","","China"
"NHK","Nguồn HKLED","Nguồn HKLED","NHKT-050W300X","Nguồn HKLED 50W - Model: NHKT-050W300X | Dim 1 Cấp (Input: AC 220V / Output: DC 180-300V)","NGUỒN TRÒN ĐÈN LED XƯỞNG 50W
Model: NHKT-050W300X
- Điện áp vào: 100-277V
- Điện áp ra: 180-300V
- Dòng điện ra: 320mA ±5%
- Chống sét tích hợp: 4.0Kv
- Kích thước SP: F128*58mm - 560g
- Quy cách: 15 cái/hộp, - Cân nặng: 9650g
- Kích thước hộp: 43*43*13.2cm","NHKT-050W300X","50","AC 220V","DC 30V","5C","Dim 1 Cấp","","China"
"NHK","Nguồn HKLED","Nguồn HKLED","NHKT-100W300X","Nguồn HKLED 100W - Model: NHKT-100W300X | Dim 1 Cấp (Input: AC 220V / Output: DC 180-300V)","NGUỒN TRÒN ĐÈN LED XƯỞNG 100W
Model: NHKT-100W300X
- Điện áp vào: 100-277V
- Điện áp ra: 180-300V
- Dòng điện ra: 420mA ±5%
- Chống sét tích hợp: 4.0Kv
- Kích thước SP: F128*58mm - 560g
- Quy cách: 15 cái/hộp, - Cân nặng: 9650g
- Kích thước hộp: 43*43*13.2cm","NHKT-100W300X","100","AC 220V","DC 30V","5C","Dim 1 Cấp","","China"
"NHK","Nguồn HKLED","Nguồn HKLED","NHKT-150W300X","Nguồn HKLED 150W - Model: NHKT-150W300X | Dim 1 Cấp (Input: AC 220V / Output: DC 180-300V)","NGUỒN TRÒN ĐÈN LED XƯỞNG 150W
Model: NHKT-150W300X
- Điện áp vào: 100-277V
- Điện áp ra: 180-300V
- Dòng điện ra: 625mA ±5%
- Chống sét tích hợp: 4.0Kv
- Kích thước SP: F128*58mm - 580g
- Quy cách: 15 cái/hộp, - Cân nặng: 9920g
- Kích thước hộp: 43*43*13.2cm","NHKT-150W300X","150","AC 220V","DC 30V","5C","Dim 1 Cấp","","China"
"NHK","Nguồn HKLED","Nguồn HKLED","NHKT-200W300X","Nguồn HKLED 200W - Model: NHKT-200W300X | Dim 1 Cấp (Input: AC 220V / Output: DC 180-300V)","NGUỒN TRÒN ĐÈN LED XƯỞNG 200W
Model: NHKT-200W300X
- Điện áp vào: 100-277V
- Điện áp ra: 180-300V
- Dòng điện ra: 830mA ±5%
- Chống sét tích hợp: 4.0Kv
- Kích thước SP: F128*58mm - 850g
- Quy cách: 15 cái/hộp, - Cân nặng: 13790g
- Kích thước hộp: 43*43*13.2cm","NHKT-200W300X","200","AC 220V","DC 30V","5C","Dim 1 Cấp","","China"
"NHK","Nguồn HKLED","Nguồn HKLED","NHKT-240W300X","Nguồn HKLED 250W - Model: NHKT-240W300X | Dim 1 Cấp (Input: AC 220V / Output: DC 180-300V)","NGUỒN TRÒN ĐÈN LED XƯỞNG 240W
Model: NHKT-240W300X
- Điện áp vào: 100-277V
- Điện áp ra: 180-300V
- Dòng điện ra: 1000mA ±5%
- Chống sét tích hợp: 4.0Kv
- Kích thước SP: F128*58mm - 850g
- Quy cách: 15 cái/hộp, - Cân nặng: 13790g
- Kích thước hộp: 43*43*13.2cm","NHKT-240W300X","250","AC 220V","DC 30V","5C","Dim 1 Cấp","","China"
"NHK","Nguồn HKLED","Nguồn HKLED","NHKTD-100W300X","Nguồn HKLED 100W - Model: NHKTD-100W300X | Dim 1 Cấp (Input: AC 220V / Output: DC 180-300V)","NGUỒN TRÒN ĐÈN LED XƯỞNG 100W
Model: NHKT-100W300X
- Điện áp vào: 100-277V
- Điện áp ra: 180-300V
- Dòng điện ra: 420mA ±5%
- Chống sét tích hợp: 4.0Kv
- Kích thước SP: F128*58mm - 560g
- Quy cách: 15 cái/hộp, - Cân nặng: 9650g
- Kích thước hộp: 43*43*13.2cm","NHKTD-100W300X","100","AC 220V","DC 30V","5C","Dim 1 Cấp","Điều chỉnh 3 màu","China"
"NHK","Nguồn HKLED","Nguồn HKLED","NHKTD-240W300X","Nguồn HKLED 250W - Model: NHKTD-240W300X | Dim 1 Cấp (Input: AC 220V / Output: DC 180-300V)","NGUỒN TRÒN ĐÈN LED XƯỞNG 240W
Model: NHKT-240W300X
- Điện áp vào: 100-277V
- Điện áp ra: 180-300V
- Dòng điện ra: 1000mA ±5%
- Chống sét tích hợp: 4.0Kv
- Kích thước SP: F128*58mm - 850g
- Quy cách: 15 cái/hộp, - Cân nặng: 13790g
- Kích thước hộp: 43*43*13.2cm","NHKTD-240W300X","250","AC 220V","DC 30V","5C","Dim 1 Cấp","Điều chỉnh 3 màu","China"
"NDP","Nguồn Done","Nguồn Done","NDP-12W300","Nguồn Done 10W - Model: DL-12W-C300-MPC | Không (Input: AC 220V / Output: DC 21~ 42V)","Nguồn điện DONE 10W (DL-12W-C300-MPC) - 100~277Vac 50/60Hz; Out: 21~ 42Vdc; Output: 0.5A; PF~0.5; Protection: IP67 - 2KV; Size: 79.6*30*20.5mm","DL-12W-C300-MPC","10","AC 220V","DC 30V","5C","Không","",""
"NDP","Nguồn Done","Nguồn Done","NDP-20W600","Nguồn Done 20W - Model: DL-20W-C600-MPC | Không (Input: AC 220V / Output: DC 18~ 36V)","Nguồn điện DONE 20W (DL-20W-C600-MPC) - 100~277Vac 50/60Hz; Out: 18~ 36Vdc; Output: 0.6A; PF~0.95; Protection: IP67 - 2KV; Size: 95.6*30*20.5mm","DL-20W-C600-MPC","20","AC 220V","DC 30V","5C","Không","",""
"NDP","Nguồn Done","Nguồn Done","NDP-30W750","Nguồn Done 30W - Model: DL-30W-C750-MPC | Không (Input: AC 220V / Output: DC 21~42V)","Nguồn điện DONE 30W (DL-30W-C750-MPC) - 100~277Vac 50/60Hz; Out: 21~42Vdc; Output: 0.75A; PF~0.95; Protection: IP67 - 2KV; Size: 104.6*30*20.5mm","DL-30W-C750-MPC","30","AC 220V","DC 30V","5C","Không","",""
"NDP","Nguồn Done","Nguồn Done","NDP-50W1A2","Nguồn Done 50W - Model: DLC-50W1A2-MP | Không (Input: AC 220V / Output: DC 18~36V)","Nguồn điện DONE 50W (DLC-50W1A2-MP) - 100~277Vac 50/60Hz; Out: 18~36Vdc; Output: 1.2A; PF~0.95; Protection: IP67 - 4KV; Size: 108.5*39.5*29.7mm","DLC-50W1A2-MP","50","AC 220V","DC 30V","5C","Không","",""
"NDP","Nguồn Done","Nguồn Done","NDP-50W1A35","Nguồn Done 50W - Model: DLC-50W1A35-MP | Không (Input: AC 220V / Output: DC 18~36V)","Nguồn điện DONE 50W (DLC-50W1A35-MP) - 100~277Vac 50/60Hz; Out: 18~36Vdc; Output: 1.35A; PF~0.95; Protection: IP67 - 4KV; Size: 108.5*39.5*29.7mm","DLC-50W1A35-MP","50","AC 220V","DC 30V","5C","Không","",""
"NDP","Nguồn Done","Nguồn Done","NDP-50W1A5","Nguồn Done 50W - Model: DLC-50W1A5-MP | Không (Input: AC 220V / Output: DC 18~36V)","Nguồn điện DONE 50W (DLC-50W1A5-MP) - 100~277Vac 50/60Hz; Out: 18~36Vdc; Output: 1.5A; PF~0.95; Protection: IP67 - 4KV; Size: 108.5*39.5*29.7mm","DLC-50W1A5-MP","50","AC 220V","DC 30V","5C","Không","",""
"NDP","Nguồn Done","Nguồn Done","NDP-50WC1500","Nguồn Done 50W - Model: DL-50W-C1500-MPC | Không (Input: AC 220V / Output: DC 20~36V)","Nguồn điện DONE 50W (DL-50W-C1500-MPC) - 120~277Vac 50/60Hz; Out: 20~36Vdc; Output: 1.5A; PF~0.95; Protection: IP67 - 6KV; Size: 121.5*39.5*29.5mm","DL-50W-C1500-MPC","50","AC 220V","DC 30V","5C","Không","",""
"NDP","Nguồn Done","Nguồn Done","NDP-50WC1050","Nguồn Done 50W - Model: DL-50W-C1050-MPC | Không (Input: AC 220V / Output: DC 25~50V)","Nguồn điện DONE 50W (DL-50W-C1050-MPC) - 120~277Vac 50/60Hz; Out: 25~50Vdc; Output: 1.05A; PF~0.95; Protection: IP67 - 6KV; Size: 121.5*39.5*29.5mm","DL-50W-C1050-MPC","50","AC 220V","DC 30V","5C","Không","",""
"NDP","Nguồn Done","Nguồn Done","NDP-50W38A","Nguồn Done 50W - Model: DL-50H-38A-MAL | Dim 1 Cấp (Input: AC 220V / Output: DC 20~38V)","Nguồn điện DONE 50W (DL-50H-38A-MAL) - 100~277Vac 50/60Hz; Out: 20~38Vdc; Output: 0.7-1.6A; PF~0.95; Protection: IP67 - 6KV; Size: 126*41*29mm","DL-50H-38A-MAL","50","AC 220V","DC 30V","5C","Dim 1 Cấp","",""
"NDP","Nguồn Done","Nguồn Done","NDP-100W38A","Nguồn Done 100W - Model: DL-100H-38A-MAL | Dim 1 Cấp (Input: AC 220V / Output: DC 20~38V)","Nguồn điện DONE 100W (DL-100H-38A-MAL) - 100~277Vac 50/60Hz; Out: 20~38Vdc; Output: 1.8-3.2A; PF~0.95; Protection: IP67 - 6KV; Size: 143*49*31mm","DL-100H-38A-MAL","100","AC 220V","DC 30V","5C","Dim 1 Cấp","",""
"NDP","Nguồn Done","Nguồn Done","NDP-150W38A","Nguồn Done 150W - Model: DL-150H-38A-MAL | Dim 1 Cấp (Input: AC 220V / Output: DC 20~38V)","Nguồn điện DONE 150W (DL-150H-38A-MAL) - 100~277Vac 50/60Hz; Out: 20~38Vdc; Output: 2.8-5.0A; PF~0.95; Protection: IP67 - 6KV; Size: 176*57*32mm","DL-150H-38A-MAL","150","AC 220V","DC 30V","5C","Dim 1 Cấp","",""
"NDP","Nguồn Done","Nguồn Done","NDP-200W38A","Nguồn Done 200W - Model: DL-200H-38A-MAL | Dim 1 Cấp (Input: AC 220V / Output: DC 20~38V)","Nguồn điện DONE 200W (DL-200H-38A-MAL) - 100~277Vac 50/60Hz; Out: 20~38Vdc; Output: 3.7-6.7A; PF~0.95; Protection: IP67 - 6KV; Size: 186*60*38mm","DL-200H-38A-MAL","200","AC 220V","DC 30V","5C","Dim 1 Cấp","",""
"NDP","Nguồn Done","Nguồn Done","NDP-50W56P","Nguồn Done 50W - Model: DL-50H-56P-MXC | Dim 5 Cấp (Input: AC 220V / Output: DC 25~56V)","Nguồn điện DONE 50W (DL-50H-56P-MXC) - 100~277Vac 50/60Hz; Out: 25~56Vdc; Output: 0.4-1.7A; PF~0.95; Protection: IP67 - 6KV; Size: 105*53*27mm / 32Pcs/Box","DL-50H-56P-MXC","50","AC 220V","DC 30V","5C","Dim 5 Cấp","",""
"NDP","Nguồn Done","Nguồn Done","NDP-100W56P","Nguồn Done 100W - Model: DL-100H-56P-MXC | Dim 5 Cấp (Input: AC 220V / Output: DC 25~56V)
","Nguồn điện DONE 100W DIM 5 cấp (DL-100H-56P-MXC) - 100~277Vac 50/60Hz; Out: 25~56Vdc; Output: 1.34-2.50A; PF~0.95; Protection: IP67 - 6KV; Size: 105*63*30mm / 32Pcs/Box","DL-100H-56P-MXC","100","AC 220V","DC 30V","5C","Dim 5 Cấp","",""
"NDP","Nguồn Done","Nguồn Done","NDP-150W56P","Nguồn Done 150W - Model: DL-150H-56P-MXC | Dim 5 Cấp (Input: AC 220V / Output: DC 25~56V)","Nguồn điện DONE 150W DIM 5 cấp (DL-150H-56P-MXC) - 100~277Vac 50/60Hz; Out: 25~56Vdc; Output: 1.78-4.2A; PF~0.95; Protection: IP67 - 6KV; Size: 164*53*32.5mm / 24Pcs/Box","DL-150H-56P-MXC","150","AC 220V","DC 30V","5C","Dim 5 Cấp","",""
"NDP","Nguồn Done","Nguồn Done","NDP-200W56P","Nguồn Done 200W - Model: DL-200H-56P-MXC | Dim 5 Cấp (Input: AC 220V / Output: DC 25~56V)","Nguồn điện DONE 200W DIM 5 cấp (DL-200H-56P-MXC) - 100~277Vac 50/60Hz; Out: 25~56Vdc; Output: 2.6-5.60A; PF~0.95; Protection: IP67 - 6KV; Size: 186*60*38mm/ 18Pcs/Box","DL-200H-56P-MXC","200","AC 220V","DC 30V","5C","Dim 5 Cấp","",""
"NDP","Nguồn Done","Nguồn Done","NDP-240W56P","Nguồn Done 250W - Model: DL-240H-56A-MXC | Dim 5 Cấp (Input: AC 220V / Output: DC 25~56V)","Nguồn điện DONE 240W (DL-240H-56A-MXC) - 100~277Vac 50/60Hz; Out: 25～56Vdc; Output: 3.50-6.70A; PF~0.95; Protection: IP67 - 6KV; Size: 186*60*38mm","DL-240H-56A-MXC","250","AC 220V","DC 30V","5C","Dim 5 Cấp","",""
"NDP","Nguồn Done","Nguồn Done","NDP-320W56P","Nguồn Done 300W - Model: DL-320H-56A-MXC | Dim 5 Cấp (Input: AC 220V / Output: DC 25~56V)","Nguồn điện DONE 320W (DL-320H-56A-MXC) - 100~277Vac 50/60Hz; Out: 25～56Vdc; Output: 4.20-7.65A; PF~0.95; Protection: IP67 - 6KV; Size: 230*67*38mm","DL-320H-56A-MXC","300","AC 220V","DC 30V","5C","Dim 5 Cấp","",""
"NPL","Nguồn Philips","Nguồn Philips","NPLA-065W","Nguồn Philips 65W - Model: Xi EP LV 65W 0.9-2.2A WL I120 | Dim 1 Cấp (Input: AC 220V / Output: DC 24-50V)","Nguồn Philips AOC DIM 1 cấp công suất 65W Xi EP LV 65W 0.9-2.2A WL I120","Xi EP LV 65W 0.9-2.2A WL I120","65","AC 220V","DC 30V","5C","Dim 1 Cấp","",""
"NPL","Nguồn Philips","Nguồn Philips","NPLA-100W","Nguồn Philips 100W - Model: Xi EP LV 100W 1.3-3.4A WL I155 | Dim 1 Cấp (Input: AC 220V / Output: DC 24-50V)","Nguồn Philips AOC DIM 1 cấp công suất 100W Xi EP LV 100W 1.3-3.4A WL I155","Xi EP LV 100W 1.3-3.4A WL I155","100","AC 220V","DC 30V","5C","Dim 1 Cấp","",""
"NPL","Nguồn Philips","Nguồn Philips","NPLA-150W","Nguồn Philips 150W - Model: Xi EP LV 150W 2.0-5.0A WL I175 | Dim 1 Cấp (Input: AC 220V / Output: DC 24-50V)","Nguồn Philips AOC DIM 1 cấp công suất 150W Xi EP LV 150W 2.0-5.0A WL I175","Xi EP LV 150W 2.0-5.0A WL I175","150","AC 220V","DC 30V","5C","Dim 1 Cấp","",""
"NPL","Nguồn Philips","Nguồn Philips","NPLA-200W","Nguồn Philips 200W - Model: Xi EP LV 200W 3.0-6.7A WL I195 | Dim 1 Cấp (Input: AC 220V / Output: DC 24-50V)","Nguồn Philips AOC DIM 1 cấp công suất 200W Xi EP LV 200W 3.0-6.7A WL I195","Xi EP LV 200W 3.0-6.7A WL I195","200","AC 220V","DC 30V","5C","Dim 1 Cấp","",""
"NPL","Nguồn Philips","Nguồn Philips","NPLA-250W","Nguồn Philips 250W - Model: Xi EP LV 250W 4.0-8.3A WL I195 | Dim 1 Cấp (Input: AC 220V / Output: DC 24-50V)","Nguồn Philips AOC DIM 1 cấp công suất 250W Xi EP LV 250W 4.0-8.3A WL I215","Xi EP LV 250W 4.0-8.3A WL I195","250","AC 220V","DC 30V","5C","Dim 1 Cấp","",""
"NPL","Nguồn Philips","Nguồn Philips","NPLD-065W","Nguồn Philips 65W - Model: Xi LP 65W 0.3-1.05A S1 WL I150  | Dim 5 Cấp (Input: AC 220V / Output: DC 30-100V)","Nguồn Philips DIM 5 cấp công suất 65W Xi LP 65W 0.3-1.05A S1 WL I150","Xi LP 65W 0.3-1.05A S1 WL I150","65","AC 220V","Điện áp cao","5C","Dim 5 Cấp","",""
"NPL","Nguồn Philips","Nguồn Philips","NPLD-100W","Nguồn Philips 100W - Model: Xi LP 100W 0.3-1.05A S1 WL I155 | Dim 10 Cấp (Input: AC 220V / Output: DC 46-143V)","Nguồn Philips DIM 5 cấp công suất 100W Xi LP 100W 0.3-1.05A S1 WL I155 - (Điện áp cao)","Xi LP 100W 0.3-1.05A S1 WL I155","100","AC 220V","Điện áp cao","5C","Dim 10 Cấp","",""
"NPL","Nguồn Philips","Nguồn Philips","NPLD-100W-T","Nguồn Philips 100W - Model: Xi LP 100W 0.5-1.5A S1 WL I155 | Dim 10 Cấp (Input: AC 220V / Output: DC 33-100V)","Nguồn Philips DIM 5 cấp công suất 100W Xi LP 100W 0.5-1.5A S1 WL I155 - (Điện áp thấp)","Xi LP 100W 0.5-1.5A S1 WL I155","100","AC 220V","Điện áp cao","5C","Dim 5 Cấp","",""
"NPL","Nguồn Philips","Nguồn Philips","NPLD-150W","Nguồn Philips 150W - Model: Xi LP 150W 0.3-1.05A S1 WL I175 | Dim 10 Cấp (Input: AC 220V / Output: DC 71-214V)","Nguồn Philips DIM 5 cấp công suất 150W Xi LP 150W 0.3-1.05A S1 WL I175 - (Điện áp cao)","Xi LP 150W 0.3-1.05A S1 WL I175","150","AC 220V","Điện áp cao","5C","Dim 10 Cấp","",""
"NPL","Nguồn Philips","Nguồn Philips","NPLD-150W-T","Nguồn Philips 150W - Model: Xi LP 150W 0.5-1.5A S1 WL I175 | Dim 10 Cấp (Input: AC 220V / Output: DC 50-150V)","Nguồn Philips DIM 5 cấp công suất 150W Xi LP 150W 0.5-1.5A S1 WL I175 - (Điện áp thấp)","Xi LP 150W 0.5-1.5A S1 WL I175","150","AC 220V","Điện áp cao","5C","Dim 5 Cấp","",""
"NPL","Nguồn Philips","Nguồn Philips","NPLD-200W","Nguồn Philips 200W - Model: Xi LP 200W 0.3-1.05A S1 WL I195 | Dim 10 Cấp (Input: AC 220V / Output: DC 142-286V)","Nguồn Philips DIM 5 cấp công suất 200W Xi LP 200W 0.3-1.05A S1 WL I195 - (Điện áp cao)","Xi LP 200W 0.3-1.05A S1 WL I195","200","AC 220V","Điện áp cao","5C","Dim 10 Cấp","",""
"NPL","Nguồn Philips","Nguồn Philips","NPLD-200W-T","Nguồn Philips 200W - Model: Xi LP 200W 0.5-1.5A S1 WL I195 | Dim 10 Cấp (Input: AC 220V / Output: DC 95-200V)","Nguồn Philips DIM 5 cấp công suất 200W Xi LP 200W 0.5-1.5A S1 WL I195 - (Điện áp thấp)","Xi LP 200W 0.5-1.5A S1 WL I195","200","AC 220V","Điện áp cao","5C","Dim 5 Cấp","",""
"NPL","Nguồn Philips","Nguồn Philips","NPLD-250W","Nguồn Philips 250W - Model: Xi LP 250W 0.3-1.05A S1 WL I215 | Dim 10 Cấp (Input: AC 220V / Output: DC 165-357V)","Nguồn Philips DIM 5 cấp công suất 250W Xi LP 250W 0.3-1.05A S1 WL I215 - (Điện áp cao)","Xi LP 250W 0.3-1.05A S1 WL I215","250","AC 220V","Điện áp cao","5C","Dim 10 Cấp","",""
"NPL","Nguồn Philips","Nguồn Philips","NPLD-250W-T","Nguồn Philips 250W - Model: Xi LP 250W 0.5-1.5A S1 WL I215 | Dim 10 Cấp (Input: AC 220V / Output: DC 115-250V)","Nguồn Philips DIM 5 cấp công suất 250W Xi LP 200W 0.3-1.05A S1 WL I195 - (Điện áp thấp)","Xi LP 250W 0.5-1.5A S1 WL I215","250","AC 220V","Điện áp cao","5C","Dim 5 Cấp","",""
"NPL","Nguồn Philips","Nguồn Philips","NPLD-320W-T","Nguồn Philips 300W - Model: Xi LP 320W 0.7-2.1A S1 WL I215 | Dim 10 Cấp (Input: AC 220V / Output: DC 107-228V)
","Nguồn Philips DIM 5 cấp công suất 320W Xi LP 200W 0.7-2.1A S1 WL I195 - (Điện áp cao)","Xi LP 320W 0.7-2.1A S1 WL I215","300","AC 220V","Điện áp cao","5C","Dim 5 Cấp","",""
"NPL","Nguồn Philips","Nguồn Philips","NPLT-100W300X","Nguồn Philips 100W - Model: Xi 100W 0.35-0.55A WL RI129S | Dim 1 Cấp (Input: AC 220V / Output: DC 120-286V)","Nguồn tròn đèn LED nhà xưởng 100W PHILIPS điện áp vào: 100 - 277VAc, điện áp ra: 180-300VDc","Xi 100W 0.35-0.55A WL RI129S","100","AC 220V","Điện áp cao","40C","Dim 1 Cấp","",""
"NPL","Nguồn Philips","Nguồn Philips","NPLT-150W300X","Nguồn Philips 150W - Model: Xi 150W 0.52-0.84A WL  RI129S | Dim 1 Cấp (Input: AC 220V / Output: DC 120-286V)","Nguồn tròn đèn LED nhà xưởng 150W PHILIPS điện áp vào: 100 - 277VAc, điện áp ra: 180-300VDc","Xi 150W 0.52-0.84A WL  RI129S","150","AC 220V","Điện áp cao","40C","Dim 1 Cấp","",""
"NPL","Nguồn Philips","Nguồn Philips","NPLT-200W300X","Nguồn Philips 200W - Model: Xi 200W 0.66-1.1A WL RI129S | Dim 1 Cấp (Input: AC 220V / Output: DC 130-300V)","Nguồn tròn đèn LED nhà xưởng 200W PHILIPS điện áp vào: 100 - 277VAc, điện áp ra: 180-300VDc","Xi 200W 0.66-1.1A WL RI129S","200","AC 220V","Điện áp cao","40C","Dim 1 Cấp","",""
"NPL","Nguồn Philips","Nguồn Philips","NPLT-240W300X","Nguồn Philips 250W - Model: Xi 240W 0.82-1.35A WL RI129S | Dim 1 Cấp (Input: AC 220V / Output: DC 130-300V)","Nguồn tròn đèn LED nhà xưởng 240W PHILIPS điện áp vào: 100 - 277VAc, điện áp ra: 180-300VDc","Xi 240W 0.82-1.35A WL RI129S","250","AC 220V","Điện áp cao","40C","Dim 1 Cấp","",""
"NMW","Nguồn Meanwell","Nguồn Meanwell","NMW-XLG50A","Nguồn Meanwell 50W - Model: XLG-50-A | Dim 1 Cấp (Input: AC 220V / Output: DC 22~54V)","Nguồn điện MEAN WELL 50W (XLG-50-A) - 100~305Vac 50/60Hz; Out: 22~54Vdc; Output: 0.53-2.1A; PF~0.95; Protection: IP67 - 4KV; Size: 105*63*30mm; Nw: 410g; 24psc/Box; Weight: 11Kg; Size: mm","XLG-50-A","50","AC 220V","DC 30V / 42V","5C / 7C / 8C","Dim 1 Cấp","",""
"NMW","Nguồn Meanwell","Nguồn Meanwell","NMW-XLG75H","Nguồn Meanwell 75W - Model: XLG-75-H | Dim 1 Cấp (Input: AC 220V / Output: DC 27~56V)
","Nguồn điện MEAN WELL 75W (XLG-75-H) - 100~305Vac 50/60Hz; Out: 27~56Vdc; Output: 1.3-2.1A; PF~0.95; Protection: IP67 - 4KV; Size: 140*63*32mm; Nw: 580g; 24psc/Box; Weight: 15Kg; Size: mm","XLG-75-H","75","AC 220V","DC 30V / 42V","5C / 7C / 8C","Dim 1 Cấp","",""
"NMW","Nguồn Meanwell","Nguồn Meanwell","NMW-XLG100H","Nguồn Meanwell 100W - Model: XLG-100-H | Dim 1 Cấp (Input: AC 220V / Output: DC 27~56V)
","Nguồn điện MEAN WELL 100W (XLG-100-H) - 100~305Vac 50/60Hz; Out: 27~56Vdc; Output: 1.75-2.78A; PF~0.95; Protection: IP67 - 4KV; Size: 140*63*32mm; Nw: 580g; 24psc/Box; Weight: 15Kg; Size: mm","XLG-100-H","100","AC 220V","DC 30V / 42V","5C / 7C / 8C","Dim 1 Cấp","",""
"NMW","Nguồn Meanwell","Nguồn Meanwell","NMW-XLG150H","Nguồn Meanwell 150W - Model: XLG-150-H | Dim 1 Cấp (Input: AC 220V / Output: DC 27~56V)","Nguồn điện MEAN WELL 150W (XLG-150-H) - 100~305Vac 50/60Hz; Out: 27~56Vdc; Output: 2.68-4.17A; PF~0.95; Protection: IP67 - 4KV; Size: 180*63*35.5mm; Nw: 800g; 16psc/Box; Weight: 13.4Kg; Size: mm","XLG-150-H","150","AC 220V","DC 30V / 42V","5C / 7C / 8C","Dim 1 Cấp","",""
"NMW","Nguồn Meanwell","Nguồn Meanwell","NMW-XLG200H","Nguồn Meanwell 200W - Model: XLG-200-H | Dim 1 Cấp (Input: AC 220V / Output: DC 27~56V)","Nguồn điện MEAN WELL 200W (XLG-200-H) - 100~305Vac 50/60Hz; Out: 27~56Vdc; Output: 3.5-5.55A; PF~0.95; Protection: IP67 - 4KV; Size: 199*63*35.5mm; Nw: 850g; 16psc/Box; Weight: 14.2Kg; Size: mm","XLG-200-H","200","AC 220V","DC 30V / 42V","5C / 7C / 8C","Dim 1 Cấp","",""
"NMW","Nguồn Meanwell","Nguồn Meanwell","NMW-XLG240H","Nguồn Meanwell 250W - Model: XLG-240-H | Dim 1 Cấp (Input: AC 220V / Output: DC 27~56V)","Nguồn điện MEAN WELL 240W (XLG-240-H) - 100~305Vac 50/60Hz; Out: 27~56Vdc; Output: 4.28-6.66A; PF~0.95; Protection: IP67 - 4KV; Size: 219*63*35.5mm; Nw: 1000g; 16psc/Box; Weight: 16Kg; Size: mm","XLG-240-H","250","AC 220V","DC 30V / 42V","5C / 7C / 8C","Dim 1 Cấp","",""
"NMW","Nguồn Meanwell","Nguồn Meanwell","NMW-XLG320H","Nguồn Meanwell 300W - Model: XLG-320-H | Dim 1 Cấp (Input: AC 220V / Output: DC 30~56V)","Nguồn điện MEAN WELL 320W (XLG-320-H) - 100~305Vac 50/60Hz; Out: 30~56Vdc; Output: 5.57-7.42A; PF~0.95; Protection: IP67 - 4KV; Size: 246*77*39.5mm; Nw: 1450g; 9psc/Box; Weight: 14Kg; Size: mm","XLG-320-H","300","AC 220V","DC 30V / 42V","5C / 7C / 8C","Dim 1 Cấp","",""
"NIV","Nguồn Inventronics","Nguồn Inventronics","NIV-EUM-050S150DG","Nguồn Inventronics 50W - Model: EUM-050S150DG | Dim 5 Cấp (Input: AC 220V / Output: DC 18~54V)","Nguồn điện INVENTRONICS 50W (EUM-050S150DG) - 90~305Vac 50/60Hz; Out: 18~54Vdc; Output: 920 – 1500 mA; PF~0.95; Protection: IP67 - 6KV; Size: 95 x 64 x 36.5mm; Nw: 490g; 25psc/Box; Weight: 15.5Kg; Size: mm","EUM-050S150DG","50","AC 220V","DC 30V / 42V","5C / 7C / 8C","Dim 5 Cấp","",""
"NIV","Nguồn Inventronics","Nguồn Inventronics","NIV-EUM-075S210Dx","Nguồn Inventronics 75W - Model: EUM-075S210Dx | Dim 5 Cấp (Input: AC 220V / Output: DC 18~54V)
","Nguồn điện INVENTRONICS 75W (EUM-075S210Dx) - 90~305Vac 50/60Hz; Out: 18~54Vdc; Output: 1.4-2.1A; PF~0.95; Protection: IP67 - 6KV; Size: 142*60*36.5mm; Nw: 600g; 25psc/Box; Weight: 15.5Kg; Size: mm","EUM-075S210Dx","75","AC 220V","DC 30V / 42V","5C / 7C / 8C","Dim 5 Cấp","",""
"NIV","Nguồn Inventronics","Nguồn Inventronics","NIV-EUM-100S280DG","Nguồn Inventronics 100W - Model: EUM-100S280DG | Dim 5 Cấp (Input: AC 220V / Output: DC 17~54V)","Nguồn điện INVENTRONICS 100W (EUM-100S280DG) - 90~305Vac 50/60Hz; Out: 17~54Vdc; Output: 1.75-2.1A; PF~0.95; Protection: IP67 - 6KV; Size: 131*60*36.5mm; Nw: 620g; 25psc/Box; Weight: 16.5Kg; Size: mm","EUM-100S280DG","100","AC 220V","DC 30V / 42V","5C / 7C / 8C","Dim 5 Cấp","",""
"NIV","Nguồn Inventronics","Nguồn Inventronics","NIV-EUM150S420DG","Nguồn Inventronics 150W - Model: EUM-150S420DG | Dim 5 Cấp (Input: AC 220V / Output: DC 18~54V)","Nguồn điện INVENTRONICS 150W (EUM-150S420DG) - 90~305Vac 50/60Hz; Out: 18~54Vdc; Output: 2.8-4.2A; PF~0.95; Protection: IP67 - 6KV; Size: 178*60*36.5 mm; Nw: 735g; 25psc/Box; Weight: 19.5Kg; Size: mm","EUM-150S420DG","150","AC 220V","DC 30V / 42V","5C / 7C / 8C","Dim 5 Cấp","",""
"NIV","Nguồn Inventronics","Nguồn Inventronics","NIV-EUM200S560DG","Nguồn Inventronics 200W - Model: EUM-200S560DG | Dim 5 Cấp (Input: AC 220V / Output: DC 18~57V)","Nguồn điện INVENTRONICS 200W (EUM-200S560DG) - 90~305Vac 50/60Hz; Out: 18~57Vdc; Output: 3.5-5.6A; PF~0.95; Protection: IP67 - 6KV; Size: 188*60*36.5 mm; Nw: 780g; 25psc/Box; Weight: 19.5Kg; Size: mm","EUM-200S560DG","200","AC 220V","DC 30V / 42V","5C / 7C / 8C","Dim 5 Cấp","",""
"NIV","Nguồn Inventronics","Nguồn Inventronics","NIV-EUM240S560DG","Nguồn Inventronics 250W - Model: EUM-240S560DG | Dim 5 Cấp (Input: AC 220V / Output: DC 18~57V)","Nguồn điện INVENTRONICS 240W (EUM-240S560DG) - 90~305Vac 50/60Hz; Out: 18~57Vdc; Output: 3.5-5.6A; PF~0.95; Protection: IP67 - 6KV; Size: 188*60*36.5 mm; Nw: 780g; 25psc/Box; Weight: 19.5Kg; Size: mm","EUM-240S560DG","250","AC 220V","DC 30V / 42V","5C / 7C / 8C","Dim 5 Cấp","",""
"NIV","Nguồn Inventronics","Nguồn Inventronics","NIV-EUM320S760DG","Nguồn Inventronics 300W - Model: EUM-320S760DG | Dim 5 Cấp (Input: AC 220V / Output: DC 21-60V)","Nguồn điện INVENTRONICS 320W (EUM-320S760DG) - 90~305Vac 50/60Hz; Out: 21-60Vdc; Output: 5.35-7.6A; PF~0.95; Protection: IP67 - 6KV; Size: 224*80*44.5 mm; Nw: 1510g;","EUM-320S760DG","300","AC 220V","DC 30V / 42V","5C / 7C / 8C","Dim 5 Cấp","",""