"Mã sản phẩm","Tên sản phẩm","Nhóm sản phẩm","Mã biến thể","Tên biến thể","Công suất","Màu sơn","Hình dạng","Phân loại","Loại tản nhiệt"
"PTN-M30S030","Tản nhiệt module SMD Công suất 30W","(PTN) Tản nhiệt (Phần trực tiếp gắn chip LED)","PTN-M30S030","Tản nhiệt module SMD Công suất 30W | Anode hóa","30","Anode hóa","","",""
"PTN-M30S050","Tản nhiệt module SMD Công suất 50W","(PTN) Tản nhiệt (Phần trực tiếp gắn chip LED)","PTN-M30S050-A-HK-PG","Tản nhiệt module SMD Công suất 50W | Nhôm đùn trắng, Anode hóa, HKLED, Vây tản nhiệt phẳng","50","Anode hóa","Vây tản nhiệt phẳng","HKLED","Nhôm đùn trắng"
"PTN-M30S050","Tản nhiệt module SMD Công suất 50W","(PTN) Tản nhiệt (Phần trực tiếp gắn chip LED)","PTN-M30S050-A-HK-CG","Tản nhiệt module SMD Công suất 50W | Nhôm đùn trắng, Anode hóa, HKLED, Vây tản nhiệt cong","50","Anode hóa","Vây tản nhiệt cong","HKLED","Nhôm đùn trắng"
"PTN-M30S050","Tản nhiệt module SMD Công suất 50W","(PTN) Tản nhiệt (Phần trực tiếp gắn chip LED)","PTN-M30S050-A-OEM-PG","Tản nhiệt module SMD Công suất 50W | Nhôm đùn trắng, Anode hóa, OEM, Vây tản nhiệt phẳng","50","Anode hóa","Vây tản nhiệt phẳng","OEM","Nhôm đùn trắng"
"PTN-M30S050","Tản nhiệt module SMD Công suất 50W","(PTN) Tản nhiệt (Phần trực tiếp gắn chip LED)","PTN-M30S050-B-HK-PG","Tản nhiệt module SMD Công suất 50W | Nhôm đúc xám, Sơn tĩnh điện xám, HKLED, Vây tản nhiệt phẳng","50","Sơn tĩnh điện xám","Vây tản nhiệt phẳng","HKLED","Nhôm đúc xám"
"PTN-M30C050","Tản nhiệt module COB Công suất 50W","(PTN) Tản nhiệt (Phần trực tiếp gắn chip LED)","PTN-M30C050-HK-PG","Tản nhiệt module COB Công suất 50W | Anode hóa, HKLED, Vây tản nhiệt phẳng","50","Anode hóa","Vây tản nhiệt phẳng","HKLED",""
"PTN-M30C050","Tản nhiệt module COB Công suất 50W","(PTN) Tản nhiệt (Phần trực tiếp gắn chip LED)","PTN-M30C050-HK-CG","Tản nhiệt module COB Công suất 50W | Anode hóa, HKLED, Vây tản nhiệt cong","50","Anode hóa","Vây tản nhiệt cong","HKLED",""
"PTN-M30C050","Tản nhiệt module COB Công suất 50W","(PTN) Tản nhiệt (Phần trực tiếp gắn chip LED)","PTN-M30C050-OEM-PG","Tản nhiệt module COB Công suất 50W | Anode hóa, OEM, Vây tản nhiệt phẳng","50","Anode hóa","Vây tản nhiệt phẳng","OEM",""
"PTN-M30C100","Tản nhiệt module COB Công suất 100W","(PTN) Tản nhiệt (Phần trực tiếp gắn chip LED)","PTN-M30C100","Tản nhiệt module COB Công suất 100W | Sơn tĩnh điện xám","100","Sơn tĩnh điện xám","","",""
"PTN-M30S200","Tản nhiệt module SMD Công suất 200W","(PTN) Tản nhiệt (Phần trực tiếp gắn chip LED)","PTN-M30S200","Tản nhiệt module SMD Công suất 200W | Sơn tĩnh điện xám","200","Sơn tĩnh điện xám","","",""
"PTN-VDPTR","Tản nhiệt vỏ đèn pha PTR Chip LED COB","(PTN) Tản nhiệt (Phần trực tiếp gắn chip LED)","PTN-VDPTRC010","Tản nhiệt vỏ đèn pha PTR Chip LED COB Công suất 10W","10","","","",""
"PTN-VDPTR","Tản nhiệt vỏ đèn pha PTR Chip LED COB","(PTN) Tản nhiệt (Phần trực tiếp gắn chip LED)","PTN-VDPTRC020","Tản nhiệt vỏ đèn pha PTR Chip LED COB Công suất 20W","20","","","",""
"PTN-VDPTR","Tản nhiệt vỏ đèn pha PTR Chip LED COB","(PTN) Tản nhiệt (Phần trực tiếp gắn chip LED)","PTN-VDPTRC030","Tản nhiệt vỏ đèn pha PTR Chip LED COB Công suất 30W","30","","","",""
"PTN-VDPTC","Tản nhiệt vỏ dùng chung đèn pha PTC/PTR Chip LED COB","(PTN) Tản nhiệt (Phần trực tiếp gắn chip LED)","PTN-VDPTCC050","Tản nhiệt vỏ dùng chung đèn pha PTC/PTR Chip LED COB Công suất 50W","50","","","",""
"PTN-VDPTC","Tản nhiệt vỏ dùng chung đèn pha PTC/PTR Chip LED COB","(PTN) Tản nhiệt (Phần trực tiếp gắn chip LED)","PTN-VDPTCC100","Tản nhiệt vỏ dùng chung đèn pha PTC/PTR Chip LED COB Công suất 100W","100","","","",""
"PTN-VDPTC","Tản nhiệt vỏ dùng chung đèn pha PTC/PTR Chip LED COB","(PTN) Tản nhiệt (Phần trực tiếp gắn chip LED)","PTN-VDPTCC250","Tản nhiệt vỏ dùng chung đèn pha PTC/PTR Chip LED COB Công suất 250W","250","","","",""
"PTN-VDPTC","Tản nhiệt vỏ dùng chung đèn pha PTC/PTR Chip LED COB","(PTN) Tản nhiệt (Phần trực tiếp gắn chip LED)","PTN-VDPTCC300","Tản nhiệt vỏ dùng chung đèn pha PTC/PTR Chip LED COB Công suất 300W","300","","","",""
"PTN-VDPTC","Tản nhiệt vỏ dùng chung đèn pha PTC/PTR Chip LED COB","(PTN) Tản nhiệt (Phần trực tiếp gắn chip LED)","PTN-VDPTCC400","Tản nhiệt vỏ dùng chung đèn pha PTC/PTR Chip LED COB Công suất 400W","400","","","",""
"PTN-VDPTC","Tản nhiệt vỏ dùng chung đèn pha PTC/PTR Chip LED COB","(PTN) Tản nhiệt (Phần trực tiếp gắn chip LED)","PTN-VDPTCC500","Tản nhiệt vỏ dùng chung đèn pha PTC/PTR Chip LED COB Công suất 500W","500","","","",""
"PTN-VDPTC","Tản nhiệt vỏ dùng chung đèn pha PTC/PTR Chip LED COB","(PTN) Tản nhiệt (Phần trực tiếp gắn chip LED)","PTN-VDPTCC600","Tản nhiệt vỏ dùng chung đèn pha PTC/PTR Chip LED COB Công suất 600W","600","","","",""
"PTN-VDPTV","Tản nhiệt vỏ đèn pha PTV Chip LED COB","(PTN) Tản nhiệt (Phần trực tiếp gắn chip LED)","PTN-VDPTVC100","Tản nhiệt vỏ đèn pha PTV Chip LED COB Công suất 100W","100","","","",""
"PTN-VDPTV","Tản nhiệt vỏ đèn pha PTV Chip LED COB","(PTN) Tản nhiệt (Phần trực tiếp gắn chip LED)","PTN-VDPTVC200","Tản nhiệt vỏ đèn pha PTV Chip LED COB Công suất 200W","200","","","",""
"PTN-VDPTV","Tản nhiệt vỏ đèn pha PTV Chip LED COB","(PTN) Tản nhiệt (Phần trực tiếp gắn chip LED)","PTN-VDPTVC300","Tản nhiệt vỏ đèn pha PTV Chip LED COB Công suất 300W","300","","","",""
"PTN-VDPTV","Tản nhiệt vỏ đèn pha PTV Chip LED COB","(PTN) Tản nhiệt (Phần trực tiếp gắn chip LED)","PTN-VDPTVC400","Tản nhiệt vỏ đèn pha PTV Chip LED COB Công suất 400W","400","","","",""
"PTN-VDPTV","Tản nhiệt vỏ đèn pha PTV Chip LED COB","(PTN) Tản nhiệt (Phần trực tiếp gắn chip LED)","PTN-VDPTVC500","Tản nhiệt vỏ đèn pha PTV Chip LED COB Công suất 500W","500","","","",""
"PTN-VDPXH","Tản nhiệt vỏ đèn pha PXH Chip LED COB","(PTN) Tản nhiệt (Phần trực tiếp gắn chip LED)","PTN-VDPXHC010","Tản nhiệt vỏ đèn pha PXH Chip LED COB Công suất 10W","10","","","",""
"PTN-VDPXH","Tản nhiệt vỏ đèn pha PXH Chip LED COB","(PTN) Tản nhiệt (Phần trực tiếp gắn chip LED)","PTN-VDPXHC020","Tản nhiệt vỏ đèn pha PXH Chip LED COB Công suất 20W","20","","","",""
"PTN-VDPXH","Tản nhiệt vỏ đèn pha PXH Chip LED COB","(PTN) Tản nhiệt (Phần trực tiếp gắn chip LED)","PTN-VDPXHC030","Tản nhiệt vỏ đèn pha PXH Chip LED COB Công suất 30W","30","","","",""
"PTN-VDPXH","Tản nhiệt vỏ đèn pha PXH Chip LED COB","(PTN) Tản nhiệt (Phần trực tiếp gắn chip LED)","PTN-VDPXHC050","Tản nhiệt vỏ đèn pha PXH Chip LED COB Công suất 50W","50","","","",""
"PTN-VDPXH","Tản nhiệt vỏ đèn pha PXH Chip LED COB","(PTN) Tản nhiệt (Phần trực tiếp gắn chip LED)","PTN-VDPXHC100","Tản nhiệt vỏ đèn pha PXH Chip LED COB Công suất 100W","100","","","",""
"PTN-VDPXH","Tản nhiệt vỏ đèn pha PXH Chip LED COB","(PTN) Tản nhiệt (Phần trực tiếp gắn chip LED)","PTN-VDPXHC150","Tản nhiệt vỏ đèn pha PXH Chip LED COB Công suất 150W","150","","","",""
"PTN-VDPXH","Tản nhiệt vỏ đèn pha PXH Chip LED COB","(PTN) Tản nhiệt (Phần trực tiếp gắn chip LED)","PTN-VDPXHC200","Tản nhiệt vỏ đèn pha PXH Chip LED COB Công suất 200W","200","","","",""
"PTN-VDPXH","Tản nhiệt vỏ đèn pha PXH Chip LED COB","(PTN) Tản nhiệt (Phần trực tiếp gắn chip LED)","PTN-VDPXHC250","Tản nhiệt vỏ đèn pha PXH Chip LED COB Công suất 250W","250","","","",""
"PTN-VDPXH","Tản nhiệt vỏ đèn pha PXH Chip LED COB","(PTN) Tản nhiệt (Phần trực tiếp gắn chip LED)","PTN-VDPXHC300-2H","Tản nhiệt vỏ đèn pha PXH Chip LED COB Công suất 300W | 2 hàng LED","300","","2 hàng LED","",""
"PTN-VDPXH","Tản nhiệt vỏ đèn pha PXH Chip LED COB","(PTN) Tản nhiệt (Phần trực tiếp gắn chip LED)","PTN-VDPXHC400-2H","Tản nhiệt vỏ đèn pha PXH Chip LED COB Công suất 400W | 2 hàng LED","400","","2 hàng LED","",""
"PTN-VDPXH","Tản nhiệt vỏ đèn pha PXH Chip LED COB","(PTN) Tản nhiệt (Phần trực tiếp gắn chip LED)","PTN-VDPXHC500-2H","Tản nhiệt vỏ đèn pha PXH Chip LED COB Công suất 500W | 2 hàng LED","500","","2 hàng LED","",""
"PTN-VDPKD","Tản nhiệt vỏ đèn pha PKD Chip LED COB","(PTN) Tản nhiệt (Phần trực tiếp gắn chip LED)","PTN-VDPKDC050","Tản nhiệt vỏ đèn pha PKD Chip LED COB Công suất 50W","50","","","",""
"PTN-VDPKD","Tản nhiệt vỏ đèn pha PKD Chip LED COB","(PTN) Tản nhiệt (Phần trực tiếp gắn chip LED)","PTN-VDPKDC100","Tản nhiệt vỏ đèn pha PKD Chip LED COB Công suất 100W","100","","","",""
"PTN-VDPKD","Tản nhiệt vỏ đèn pha PKD Chip LED COB","(PTN) Tản nhiệt (Phần trực tiếp gắn chip LED)","PTN-VDPKDC150","Tản nhiệt vỏ đèn pha PKD Chip LED COB Công suất 150W","150","","","",""
"PTN-VDPKD","Tản nhiệt vỏ đèn pha PKD Chip LED COB","(PTN) Tản nhiệt (Phần trực tiếp gắn chip LED)","PTN-VDPKDC200","Tản nhiệt vỏ đèn pha PKD Chip LED COB Công suất 200W","200","","","",""
"PTN-VDPVL","Tản nhiệt vỏ đèn pha viền mắt lồi PVL Chip LED COB","(PTN) Tản nhiệt (Phần trực tiếp gắn chip LED)","PTN-VDPVLC100","Tản nhiệt vỏ đèn pha viền mắt lồi PVL Chip LED COB Công suất 100W","100","","","",""
"PTN-VDPVL","Tản nhiệt vỏ đèn pha viền mắt lồi PVL Chip LED COB","(PTN) Tản nhiệt (Phần trực tiếp gắn chip LED)","PTN-VDPVLC150","Tản nhiệt vỏ đèn pha viền mắt lồi PVL Chip LED COB Công suất 150W","150","","","",""
"PTN-VDPVL","Tản nhiệt vỏ đèn pha viền mắt lồi PVL Chip LED COB","(PTN) Tản nhiệt (Phần trực tiếp gắn chip LED)","PTN-VDPVLC200","Tản nhiệt vỏ đèn pha viền mắt lồi PVL Chip LED COB Công suất 200W","200","","","",""
"PTN-VDPVL","Tản nhiệt vỏ đèn pha viền mắt lồi PVL Chip LED COB","(PTN) Tản nhiệt (Phần trực tiếp gắn chip LED)","PTN-VDPVLC250","Tản nhiệt vỏ đèn pha viền mắt lồi PVL Chip LED COB Công suất 250W","250","","","",""
"PTN-VDPVL","Tản nhiệt vỏ đèn pha viền mắt lồi PVL Chip LED COB","(PTN) Tản nhiệt (Phần trực tiếp gắn chip LED)","PTN-VDPVLC300","Tản nhiệt vỏ đèn pha viền mắt lồi PVL Chip LED COB Công suất 300W","300","","","",""
"PTN-VDPVL","Tản nhiệt vỏ đèn pha viền mắt lồi PVL Chip LED COB","(PTN) Tản nhiệt (Phần trực tiếp gắn chip LED)","PTN-VDPVLC400","Tản nhiệt vỏ đèn pha viền mắt lồi PVL Chip LED COB Công suất 400W","400","","","",""
"PTN-VDPCC","Tản nhiệt vỏ đèn pha pha cầu cảng PCC","(PTN) Tản nhiệt (Phần trực tiếp gắn chip LED)","PTN-VDPCCC200","Tản nhiệt vỏ đèn pha pha cầu cảng PCC Công suất 200W","200","","","",""
"PTN-VDPCC","Tản nhiệt vỏ đèn pha pha cầu cảng PCC","(PTN) Tản nhiệt (Phần trực tiếp gắn chip LED)","PTN-VDPCCC400","Tản nhiệt vỏ đèn pha pha cầu cảng PCC Công suất 400W","400","","","",""
"PTN-VDPCC","Tản nhiệt vỏ đèn pha pha cầu cảng PCC","(PTN) Tản nhiệt (Phần trực tiếp gắn chip LED)","PTN-VDPCCC500","Tản nhiệt vỏ đèn pha pha cầu cảng PCC Công suất 500W","500","","","",""
"PTN-VDPCC","Tản nhiệt vỏ đèn pha pha cầu cảng PCC","(PTN) Tản nhiệt (Phần trực tiếp gắn chip LED)","PTN-VDPCCC600","Tản nhiệt vỏ đèn pha pha cầu cảng PCC Công suất 600W","600","","","",""
"PTN-VDPCC","Tản nhiệt vỏ đèn pha pha cầu cảng PCC","(PTN) Tản nhiệt (Phần trực tiếp gắn chip LED)","PTN-VDPCCC800","Tản nhiệt vỏ đèn pha pha cầu cảng PCC Công suất 800W","800","","","",""
"PTN-VDPCC","Tản nhiệt vỏ đèn pha pha cầu cảng PCC","(PTN) Tản nhiệt (Phần trực tiếp gắn chip LED)","PTN-VDPCCC1K0","Tản nhiệt vỏ đèn pha pha cầu cảng PCC Công suất 1000W","1000","","","",""
"PTN-VDPCT","Tản nhiệt vỏ đèn pha pha cẩu tháp PCT","(PTN) Tản nhiệt (Phần trực tiếp gắn chip LED)","PTN-VDPCTC500","Tản nhiệt vỏ đèn pha pha cẩu tháp PCT Công suất 500W","500","","","",""
"PTN-VDPCT","Tản nhiệt vỏ đèn pha pha cẩu tháp PCT","(PTN) Tản nhiệt (Phần trực tiếp gắn chip LED)","PTN-VDPCTC1K0","Tản nhiệt vỏ đèn pha pha cẩu tháp PCT Công suất 1000W","1000","","","",""
"PTN-VDPCT","Tản nhiệt vỏ đèn pha pha cẩu tháp PCT","(PTN) Tản nhiệt (Phần trực tiếp gắn chip LED)","PTN-VDPCTC1K5","Tản nhiệt vỏ đèn pha pha cẩu tháp PCT Công suất 1500W","1500","","","",""
"PTN-VDD11","Tản nhiệt vỏ đèn đường D11 Chip LED SMD","(PTN) Tản nhiệt (Phần trực tiếp gắn chip LED)","PTN-VDD11S050","Tản nhiệt vỏ đèn đường D11 Chip LED SMD Công suất 50W","50","","","",""
"PTN-VDD11","Tản nhiệt vỏ đèn đường D11 Chip LED SMD","(PTN) Tản nhiệt (Phần trực tiếp gắn chip LED)","PTN-VDD11S100","Tản nhiệt vỏ đèn đường D11 Chip LED SMD Công suất 100W","100","","","",""
"PTN-VDD11","Tản nhiệt vỏ đèn đường D11 Chip LED SMD","(PTN) Tản nhiệt (Phần trực tiếp gắn chip LED)","PTN-VDD11S150","Tản nhiệt vỏ đèn đường D11 Chip LED SMD Công suất 150W","150","","","",""
"PTN-VDD11","Tản nhiệt vỏ đèn đường D11 Chip LED SMD","(PTN) Tản nhiệt (Phần trực tiếp gắn chip LED)","PTN-VDD11S200","Tản nhiệt vỏ đèn đường D11 Chip LED SMD Công suất 200W","200","","","",""
"PTN-VDD11","Tản nhiệt vỏ đèn đường D11 Chip LED SMD","(PTN) Tản nhiệt (Phần trực tiếp gắn chip LED)","PTN-VDD11S250","Tản nhiệt vỏ đèn đường D11 Chip LED SMD Công suất 250W","250","","","",""
"PTN-VDD11","Tản nhiệt vỏ đèn đường D11 Chip LED SMD","(PTN) Tản nhiệt (Phần trực tiếp gắn chip LED)","PTN-VDD11S300","Tản nhiệt vỏ đèn đường D11 Chip LED SMD Công suất 300W","300","","","",""
"PTN-VDD12","Tản nhiệt vỏ đèn đường D12 Chip LED SMD","(PTN) Tản nhiệt (Phần trực tiếp gắn chip LED)","PTN-VDD12S050","Tản nhiệt vỏ đèn đường D12 Chip LED SMD Công suất 50W","50","","","",""
"PTN-VDD12","Tản nhiệt vỏ đèn đường D12 Chip LED SMD","(PTN) Tản nhiệt (Phần trực tiếp gắn chip LED)","PTN-VDD12S100","Tản nhiệt vỏ đèn đường D12 Chip LED SMD Công suất 100W","100","","","",""
"PTN-VDD12","Tản nhiệt vỏ đèn đường D12 Chip LED SMD","(PTN) Tản nhiệt (Phần trực tiếp gắn chip LED)","PTN-VDD12S150","Tản nhiệt vỏ đèn đường D12 Chip LED SMD Công suất 150W","150","","","",""
"PTN-VDD12","Tản nhiệt vỏ đèn đường D12 Chip LED SMD","(PTN) Tản nhiệt (Phần trực tiếp gắn chip LED)","PTN-VDD12S200","Tản nhiệt vỏ đèn đường D12 Chip LED SMD Công suất 200W","200","","","",""
"PTN-VDD12","Tản nhiệt vỏ đèn đường D12 Chip LED SMD","(PTN) Tản nhiệt (Phần trực tiếp gắn chip LED)","PTN-VDD12S250","Tản nhiệt vỏ đèn đường D12 Chip LED SMD Công suất 250W","250","","","",""
"PTN-VDD12","Tản nhiệt vỏ đèn đường D12 Chip LED SMD","(PTN) Tản nhiệt (Phần trực tiếp gắn chip LED)","PTN-VDD12S300","Tản nhiệt vỏ đèn đường D12 Chip LED SMD Công suất 300W","300","","","",""
"PTN-VDD13","Tản nhiệt vỏ đèn đường dùng chung D13 và D14 Chip LED SMD","(PTN) Tản nhiệt (Phần trực tiếp gắn chip LED)","PTN-VDD13S050","Tản nhiệt vỏ đèn đường dùng chung D13 và D14 Chip LED SMD Công suất 50W","50","","","",""
"PTN-VDD13","Tản nhiệt vỏ đèn đường dùng chung D13 và D14 Chip LED SMD","(PTN) Tản nhiệt (Phần trực tiếp gắn chip LED)","PTN-VDD13S100","Tản nhiệt vỏ đèn đường dùng chung D13 và D14 Chip LED SMD Công suất 100W","100","","","",""
"PTN-VDD13","Tản nhiệt vỏ đèn đường dùng chung D13 và D14 Chip LED SMD","(PTN) Tản nhiệt (Phần trực tiếp gắn chip LED)","PTN-VDD13S150","Tản nhiệt vỏ đèn đường dùng chung D13 và D14 Chip LED SMD Công suất 150W","150","","","",""
"PTN-VDD13","Tản nhiệt vỏ đèn đường dùng chung D13 và D14 Chip LED SMD","(PTN) Tản nhiệt (Phần trực tiếp gắn chip LED)","PTN-VDD13S200","Tản nhiệt vỏ đèn đường dùng chung D13 và D14 Chip LED SMD Công suất 200W","200","","","",""
"PTN-VDD13","Tản nhiệt vỏ đèn đường dùng chung D13 và D14 Chip LED SMD","(PTN) Tản nhiệt (Phần trực tiếp gắn chip LED)","PTN-VDD13S250","Tản nhiệt vỏ đèn đường dùng chung D13 và D14 Chip LED SMD Công suất 250W","250","","","",""
"PTN-VDD13","Tản nhiệt vỏ đèn đường dùng chung D13 và D14 Chip LED SMD","(PTN) Tản nhiệt (Phần trực tiếp gắn chip LED)","PTN-VDD13S300","Tản nhiệt vỏ đèn đường dùng chung D13 và D14 Chip LED SMD Công suất 300W","300","","","",""
"PTN-VDD15","Tản nhiệt vỏ đèn đường D15 Chip LED SMD","(PTN) Tản nhiệt (Phần trực tiếp gắn chip LED)","PTN-VDD15S050","Tản nhiệt vỏ đèn đường D15 Chip LED SMD Công suất 50W","50","","","",""
"PTN-VDD15","Tản nhiệt vỏ đèn đường D15 Chip LED SMD","(PTN) Tản nhiệt (Phần trực tiếp gắn chip LED)","PTN-VDD15S100","Tản nhiệt vỏ đèn đường D15 Chip LED SMD Công suất 100W","100","","","",""
"PTN-VDD15","Tản nhiệt vỏ đèn đường D15 Chip LED SMD","(PTN) Tản nhiệt (Phần trực tiếp gắn chip LED)","PTN-VDD15S150","Tản nhiệt vỏ đèn đường D15 Chip LED SMD Công suất 150W","150","","","",""
"PTN-VDD15","Tản nhiệt vỏ đèn đường D15 Chip LED SMD","(PTN) Tản nhiệt (Phần trực tiếp gắn chip LED)","PTN-VDD15S200","Tản nhiệt vỏ đèn đường D15 Chip LED SMD Công suất 200W","200","","","",""
"PTN-VDD15","Tản nhiệt vỏ đèn đường D15 Chip LED SMD","(PTN) Tản nhiệt (Phần trực tiếp gắn chip LED)","PTN-VDD15S250","Tản nhiệt vỏ đèn đường D15 Chip LED SMD Công suất 250W","250","","","",""
"PTN-VDD15","Tản nhiệt vỏ đèn đường D15 Chip LED SMD","(PTN) Tản nhiệt (Phần trực tiếp gắn chip LED)","PTN-VDD15S300","Tản nhiệt vỏ đèn đường D15 Chip LED SMD Công suất 300W","300","","","",""
"PTN-VDD20","Tản nhiệt vỏ đèn đường D20 Chip LED SMD","(PTN) Tản nhiệt (Phần trực tiếp gắn chip LED)","PTN-VDD20S050","Tản nhiệt vỏ đèn đường D20 Chip LED SMD Công suất 50W","50","","","",""
"PTN-VDD20","Tản nhiệt vỏ đèn đường D20 Chip LED SMD","(PTN) Tản nhiệt (Phần trực tiếp gắn chip LED)","PTN-VDD20S100","Tản nhiệt vỏ đèn đường D20 Chip LED SMD Công suất 100W","100","","","",""
"PTN-VDD20","Tản nhiệt vỏ đèn đường D20 Chip LED SMD","(PTN) Tản nhiệt (Phần trực tiếp gắn chip LED)","PTN-VDD20S150","Tản nhiệt vỏ đèn đường D20 Chip LED SMD Công suất 150W","150","","","",""
"PTN-VDD20","Tản nhiệt vỏ đèn đường D20 Chip LED SMD","(PTN) Tản nhiệt (Phần trực tiếp gắn chip LED)","PTN-VDD20S200","Tản nhiệt vỏ đèn đường D20 Chip LED SMD Công suất 200W","200","","","",""
"PTN-VDD20","Tản nhiệt vỏ đèn đường D20 Chip LED SMD","(PTN) Tản nhiệt (Phần trực tiếp gắn chip LED)","PTN-VDD20S250","Tản nhiệt vỏ đèn đường D20 Chip LED SMD Công suất 250W","250","","","",""
"PTN-VDD20","Tản nhiệt vỏ đèn đường D20 Chip LED SMD","(PTN) Tản nhiệt (Phần trực tiếp gắn chip LED)","PTN-VDD20S050","Tản nhiệt vỏ đèn đường D20 Chip LED SMD Công suất 50W","50","","","",""
"PTN-VDD20","Tản nhiệt vỏ đèn đường D20 Chip LED SMD","(PTN) Tản nhiệt (Phần trực tiếp gắn chip LED)","PTN-VDD20S100","Tản nhiệt vỏ đèn đường D20 Chip LED SMD Công suất 100W","100","","","",""
"PTN-VDD20","Tản nhiệt vỏ đèn đường D20 Chip LED SMD","(PTN) Tản nhiệt (Phần trực tiếp gắn chip LED)","PTN-VDD20S150","Tản nhiệt vỏ đèn đường D20 Chip LED SMD Công suất 150W","150","","","",""
"PTN-VDD20","Tản nhiệt vỏ đèn đường D20 Chip LED SMD","(PTN) Tản nhiệt (Phần trực tiếp gắn chip LED)","PTN-VDD20S200","Tản nhiệt vỏ đèn đường D20 Chip LED SMD Công suất 200W","200","","","",""
"PTN-VDD20","Tản nhiệt vỏ đèn đường D20 Chip LED SMD","(PTN) Tản nhiệt (Phần trực tiếp gắn chip LED)","PTN-VDD20S250","Tản nhiệt vỏ đèn đường D20 Chip LED SMD Công suất 250W","250","","","",""
"PTN-VDD21","Tản nhiệt vỏ đèn đường D21 Chip LED SMD","(PTN) Tản nhiệt (Phần trực tiếp gắn chip LED)","PTN-VDD21S050","Tản nhiệt vỏ đèn đường D21 Chip LED SMD Công suất 50W","50","","","",""
"PTN-VDD21","Tản nhiệt vỏ đèn đường D21 Chip LED SMD","(PTN) Tản nhiệt (Phần trực tiếp gắn chip LED)","PTN-VDD21S100","Tản nhiệt vỏ đèn đường D21 Chip LED SMD Công suất 100W","100","","","",""
"PTN-VDD21","Tản nhiệt vỏ đèn đường D21 Chip LED SMD","(PTN) Tản nhiệt (Phần trực tiếp gắn chip LED)","PTN-VDD21S150","Tản nhiệt vỏ đèn đường D21 Chip LED SMD Công suất 150W","150","","","",""
"PTN-VDD21","Tản nhiệt vỏ đèn đường D21 Chip LED SMD","(PTN) Tản nhiệt (Phần trực tiếp gắn chip LED)","PTN-VDD21S200","Tản nhiệt vỏ đèn đường D21 Chip LED SMD Công suất 200W","200","","","",""
"PTN-VDD21","Tản nhiệt vỏ đèn đường D21 Chip LED SMD","(PTN) Tản nhiệt (Phần trực tiếp gắn chip LED)","PTN-VDD21S250","Tản nhiệt vỏ đèn đường D21 Chip LED SMD Công suất 250W","250","","","",""
"PTN-VDD22","Tản nhiệt vỏ đèn đường D22 Chip LED SMD","(PTN) Tản nhiệt (Phần trực tiếp gắn chip LED)","PTN-VDD22S050","Tản nhiệt vỏ đèn đường D22 Chip LED SMD Công suất 50W","50","","","",""
"PTN-VDD22","Tản nhiệt vỏ đèn đường D22 Chip LED SMD","(PTN) Tản nhiệt (Phần trực tiếp gắn chip LED)","PTN-VDD22S100","Tản nhiệt vỏ đèn đường D22 Chip LED SMD Công suất 100W","100","","","",""
"PTN-VDD22","Tản nhiệt vỏ đèn đường D22 Chip LED SMD","(PTN) Tản nhiệt (Phần trực tiếp gắn chip LED)","PTN-VDD22S150","Tản nhiệt vỏ đèn đường D22 Chip LED SMD Công suất 150W","150","","","",""
"PTN-VDD22","Tản nhiệt vỏ đèn đường D22 Chip LED SMD","(PTN) Tản nhiệt (Phần trực tiếp gắn chip LED)","PTN-VDD22S200","Tản nhiệt vỏ đèn đường D22 Chip LED SMD Công suất 200W","200","","","",""
"PTN-VDD22","Tản nhiệt vỏ đèn đường D22 Chip LED SMD","(PTN) Tản nhiệt (Phần trực tiếp gắn chip LED)","PTN-VDD22S250","Tản nhiệt vỏ đèn đường D22 Chip LED SMD Công suất 250W","250","","","",""
"PTN-VDD23","Tản nhiệt vỏ đèn đường D23 Chip LED SMD","(PTN) Tản nhiệt (Phần trực tiếp gắn chip LED)","PTN-VDD23S050","Tản nhiệt vỏ đèn đường D23 Chip LED SMD Công suất 50W","50","","","",""
"PTN-VDD23","Tản nhiệt vỏ đèn đường D23 Chip LED SMD","(PTN) Tản nhiệt (Phần trực tiếp gắn chip LED)","PTN-VDD23S100","Tản nhiệt vỏ đèn đường D23 Chip LED SMD Công suất 100W","100","","","",""
"PTN-VDD23","Tản nhiệt vỏ đèn đường D23 Chip LED SMD","(PTN) Tản nhiệt (Phần trực tiếp gắn chip LED)","PTN-VDD23S150","Tản nhiệt vỏ đèn đường D23 Chip LED SMD Công suất 150W","150","","","",""
"PTN-VDD23","Tản nhiệt vỏ đèn đường D23 Chip LED SMD","(PTN) Tản nhiệt (Phần trực tiếp gắn chip LED)","PTN-VDD23S200","Tản nhiệt vỏ đèn đường D23 Chip LED SMD Công suất 200W","200","","","",""
"PTN-VDD23","Tản nhiệt vỏ đèn đường D23 Chip LED SMD","(PTN) Tản nhiệt (Phần trực tiếp gắn chip LED)","PTN-VDD23S250","Tản nhiệt vỏ đèn đường D23 Chip LED SMD Công suất 250W","250","","","",""
"PTN-VDD24","Tản nhiệt vỏ đèn đường D24 Chip LED SMD","(PTN) Tản nhiệt (Phần trực tiếp gắn chip LED)","PTN-VDD24S050","Tản nhiệt vỏ đèn đường D24 Chip LED SMD Công suất 50W","50","","","",""
"PTN-VDD24","Tản nhiệt vỏ đèn đường D24 Chip LED SMD","(PTN) Tản nhiệt (Phần trực tiếp gắn chip LED)","PTN-VDD24S100","Tản nhiệt vỏ đèn đường D24 Chip LED SMD Công suất 100W","100","","","",""
"PTN-VDD24","Tản nhiệt vỏ đèn đường D24 Chip LED SMD","(PTN) Tản nhiệt (Phần trực tiếp gắn chip LED)","PTN-VDD24S150","Tản nhiệt vỏ đèn đường D24 Chip LED SMD Công suất 150W","150","","","",""
"PTN-VDD24","Tản nhiệt vỏ đèn đường D24 Chip LED SMD","(PTN) Tản nhiệt (Phần trực tiếp gắn chip LED)","PTN-VDD24S200","Tản nhiệt vỏ đèn đường D24 Chip LED SMD Công suất 200W","200","","","",""
"PTN-VDD24","Tản nhiệt vỏ đèn đường D24 Chip LED SMD","(PTN) Tản nhiệt (Phần trực tiếp gắn chip LED)","PTN-VDD24S250","Tản nhiệt vỏ đèn đường D24 Chip LED SMD Công suất 250W","250","","","",""
"PTN-VDD25","Tản nhiệt vỏ đèn đường D25 Chip LED SMD","(PTN) Tản nhiệt (Phần trực tiếp gắn chip LED)","PTN-VDD25S050","Tản nhiệt vỏ đèn đường D25 Chip LED SMD Công suất 50W","50","","","",""
"PTN-VDD25","Tản nhiệt vỏ đèn đường D25 Chip LED SMD","(PTN) Tản nhiệt (Phần trực tiếp gắn chip LED)","PTN-VDD25S100","Tản nhiệt vỏ đèn đường D25 Chip LED SMD Công suất 100W","100","","","",""
"PTN-VDD25","Tản nhiệt vỏ đèn đường D25 Chip LED SMD","(PTN) Tản nhiệt (Phần trực tiếp gắn chip LED)","PTN-VDD25S150","Tản nhiệt vỏ đèn đường D25 Chip LED SMD Công suất 150W","150","","","",""
"PTN-VDD25","Tản nhiệt vỏ đèn đường D25 Chip LED SMD","(PTN) Tản nhiệt (Phần trực tiếp gắn chip LED)","PTN-VDD25S200","Tản nhiệt vỏ đèn đường D25 Chip LED SMD Công suất 200W","200","","","",""
"PTN-VDD25","Tản nhiệt vỏ đèn đường D25 Chip LED SMD","(PTN) Tản nhiệt (Phần trực tiếp gắn chip LED)","PTN-VDD25S250","Tản nhiệt vỏ đèn đường D25 Chip LED SMD Công suất 250W","250","","","",""
"PTN-VDD26","Tản nhiệt vỏ đèn đường D26 Chip LED SMD","(PTN) Tản nhiệt (Phần trực tiếp gắn chip LED)","PTN-VDD26S050","Tản nhiệt vỏ đèn đường D26 Chip LED SMD Công suất 50W","50","","","",""
"PTN-VDD26","Tản nhiệt vỏ đèn đường D26 Chip LED SMD","(PTN) Tản nhiệt (Phần trực tiếp gắn chip LED)","PTN-VDD26S100","Tản nhiệt vỏ đèn đường D26 Chip LED SMD Công suất 100W","100","","","",""
"PTN-VDD26","Tản nhiệt vỏ đèn đường D26 Chip LED SMD","(PTN) Tản nhiệt (Phần trực tiếp gắn chip LED)","PTN-VDD26S150","Tản nhiệt vỏ đèn đường D26 Chip LED SMD Công suất 150W","150","","","",""
"PTN-VDD26","Tản nhiệt vỏ đèn đường D26 Chip LED SMD","(PTN) Tản nhiệt (Phần trực tiếp gắn chip LED)","PTN-VDD26S200","Tản nhiệt vỏ đèn đường D26 Chip LED SMD Công suất 200W","200","","","",""
"PTN-VDD26","Tản nhiệt vỏ đèn đường D26 Chip LED SMD","(PTN) Tản nhiệt (Phần trực tiếp gắn chip LED)","PTN-VDD26S250","Tản nhiệt vỏ đèn đường D26 Chip LED SMD Công suất 250W","250","","","",""
"PTN-VDD7X","Tản nhiệt vỏ đèn đường D7X Chip LED SMD","(PTN) Tản nhiệt (Phần trực tiếp gắn chip LED)","PTN-VDD71S150","Tản nhiệt vỏ đèn đường D7X Chip LED SMD Công suất 150W","150","","","",""
"PTN-VDD7X","Tản nhiệt vỏ đèn đường D7X Chip LED SMD","(PTN) Tản nhiệt (Phần trực tiếp gắn chip LED)","PTN-VDD72S250","Tản nhiệt vỏ đèn đường D7X Chip LED SMD Công suất 250W","250","","","",""
"PTN-VDD7X","Tản nhiệt vỏ đèn đường D7X Chip LED SMD","(PTN) Tản nhiệt (Phần trực tiếp gắn chip LED)","PTN-VDD73S300","Tản nhiệt vỏ đèn đường D7X Chip LED SMD Công suất 300W","300","","","",""
"PTN-VDD7X","Tản nhiệt vỏ đèn đường D7X Chip LED SMD","(PTN) Tản nhiệt (Phần trực tiếp gắn chip LED)","PTN-VDD74S500","Tản nhiệt vỏ đèn đường D7X Chip LED SMD Công suất 500W","500","","","",""
"PTN-VDD9X","Tản nhiệt vỏ đèn đường D9X Chip LED SMD","(PTN) Tản nhiệt (Phần trực tiếp gắn chip LED)","PTN-VDD91S100","Tản nhiệt vỏ đèn đường D9X Chip LED SMD Công suất 100W","100","","","",""
"PTN-VDD9X","Tản nhiệt vỏ đèn đường D9X Chip LED SMD","(PTN) Tản nhiệt (Phần trực tiếp gắn chip LED)","PTN-VDD92S200","Tản nhiệt vỏ đèn đường D9X Chip LED SMD Công suất 200W","200","","","",""
"PTN-VDD9X","Tản nhiệt vỏ đèn đường D9X Chip LED SMD","(PTN) Tản nhiệt (Phần trực tiếp gắn chip LED)","PTN-VDD94S400","Tản nhiệt vỏ đèn đường D9X Chip LED SMD Công suất 400W","400","","","",""
"PTN-VDDQL","Tản nhiệt vỏ đèn đường DQL Chip LED SMD","(PTN) Tản nhiệt (Phần trực tiếp gắn chip LED)","PTN-VDDQLC050-M-BK","Tản nhiệt vỏ đèn đường DQL Chip LED SMD Công suất 50W | Vỏ thường, Đen","50","Đen","","","Vỏ thường"
"PTN-VDDQL","Tản nhiệt vỏ đèn đường DQL Chip LED SMD","(PTN) Tản nhiệt (Phần trực tiếp gắn chip LED)","PTN-VDDQLC050-M-GY","Tản nhiệt vỏ đèn đường DQL Chip LED SMD Công suất 50W | Vỏ thường, Xám","50","Xám","","","Vỏ thường"
"PTN-VDDQL","Tản nhiệt vỏ đèn đường DQL Chip LED SMD","(PTN) Tản nhiệt (Phần trực tiếp gắn chip LED)","PTN-VDDQLC050-M-NO","Tản nhiệt vỏ đèn đường DQL Chip LED SMD Công suất 50W | Vỏ thường, Chưa sơn","50","Chưa sơn","","","Vỏ thường"
"PTN-VDDQL","Tản nhiệt vỏ đèn đường DQL Chip LED SMD","(PTN) Tản nhiệt (Phần trực tiếp gắn chip LED)","PTN-VDDQLC100-M-BK","Tản nhiệt vỏ đèn đường DQL Chip LED SMD Công suất 100W | Vỏ thường, Đen","100","Đen","","","Vỏ thường"
"PTN-VDDQL","Tản nhiệt vỏ đèn đường DQL Chip LED SMD","(PTN) Tản nhiệt (Phần trực tiếp gắn chip LED)","PTN-VDDQLC100-M-GY","Tản nhiệt vỏ đèn đường DQL Chip LED SMD Công suất 100W | Vỏ thường, Xám","100","Xám","","","Vỏ thường"
"PTN-VDDQL","Tản nhiệt vỏ đèn đường DQL Chip LED SMD","(PTN) Tản nhiệt (Phần trực tiếp gắn chip LED)","PTN-VDDQLC100-M-NO","Tản nhiệt vỏ đèn đường DQL Chip LED SMD Công suất 100W | Vỏ thường, Chưa sơn","100","Chưa sơn","","","Vỏ thường"
"PTN-VDDQL","Tản nhiệt vỏ đèn đường DQL Chip LED SMD","(PTN) Tản nhiệt (Phần trực tiếp gắn chip LED)","PTN-VDDQLC150-M-BK","Tản nhiệt vỏ đèn đường DQL Chip LED SMD Công suất 150W | Vỏ thường, Đen","150","Đen","","","Vỏ thường"
"PTN-VDDQL","Tản nhiệt vỏ đèn đường DQL Chip LED SMD","(PTN) Tản nhiệt (Phần trực tiếp gắn chip LED)","PTN-VDDQLC150-M-GY","Tản nhiệt vỏ đèn đường DQL Chip LED SMD Công suất 150W | Vỏ thường, Xám","150","Xám","","","Vỏ thường"
"PTN-VDDQL","Tản nhiệt vỏ đèn đường DQL Chip LED SMD","(PTN) Tản nhiệt (Phần trực tiếp gắn chip LED)","PTN-VDDQLC150-M-NO","Tản nhiệt vỏ đèn đường DQL Chip LED SMD Công suất 150W | Vỏ thường, Chưa sơn","150","Chưa sơn","","","Vỏ thường"
"PTN-VDDQL","Tản nhiệt vỏ đèn đường DQL Chip LED SMD","(PTN) Tản nhiệt (Phần trực tiếp gắn chip LED)","PTN-VDDQLC200-M-BK","Tản nhiệt vỏ đèn đường DQL Chip LED SMD Công suất 200W | Vỏ thường, Đen","200","Đen","","","Vỏ thường"
"PTN-VDDQL","Tản nhiệt vỏ đèn đường DQL Chip LED SMD","(PTN) Tản nhiệt (Phần trực tiếp gắn chip LED)","PTN-VDDQLC200-M-GY","Tản nhiệt vỏ đèn đường DQL Chip LED SMD Công suất 200W | Vỏ thường, Xám","200","Xám","","","Vỏ thường"
"PTN-VDDQL","Tản nhiệt vỏ đèn đường DQL Chip LED SMD","(PTN) Tản nhiệt (Phần trực tiếp gắn chip LED)","PTN-VDDQLC200-M-NO","Tản nhiệt vỏ đèn đường DQL Chip LED SMD Công suất 200W | Vỏ thường, Chưa sơn","200","Chưa sơn","","","Vỏ thường"
"PTN-VDDQL","Tản nhiệt vỏ đèn đường DQL Chip LED SMD","(PTN) Tản nhiệt (Phần trực tiếp gắn chip LED)","PTN-VDDQLC250-M-BK","Tản nhiệt vỏ đèn đường DQL Chip LED SMD Công suất 250W | Vỏ thường, Đen","250","Đen","","","Vỏ thường"
"PTN-VDDQL","Tản nhiệt vỏ đèn đường DQL Chip LED SMD","(PTN) Tản nhiệt (Phần trực tiếp gắn chip LED)","PTN-VDDQLC250-M-GY","Tản nhiệt vỏ đèn đường DQL Chip LED SMD Công suất 250W | Vỏ thường, Xám","250","Xám","","","Vỏ thường"
"PTN-VDDQL","Tản nhiệt vỏ đèn đường DQL Chip LED SMD","(PTN) Tản nhiệt (Phần trực tiếp gắn chip LED)","PTN-VDDQLC250-M-NO","Tản nhiệt vỏ đèn đường DQL Chip LED SMD Công suất 250W | Vỏ thường, Chưa sơn","250","Chưa sơn","","","Vỏ thường"
"PTN-VDDQL","Tản nhiệt vỏ đèn đường DQL Chip LED SMD","(PTN) Tản nhiệt (Phần trực tiếp gắn chip LED)","PTN-VDDQLC050-H-BK","Tản nhiệt vỏ đèn đường DQL Chip LED SMD Công suất 50W | Vỏ nặng, Đen","50","Đen","","","Vỏ nặng"
"PTN-VDDQL","Tản nhiệt vỏ đèn đường DQL Chip LED SMD","(PTN) Tản nhiệt (Phần trực tiếp gắn chip LED)","PTN-VDDQLC050-H-GY","Tản nhiệt vỏ đèn đường DQL Chip LED SMD Công suất 50W | Vỏ nặng, Xám","50","Xám","","","Vỏ nặng"
"PTN-VDDQL","Tản nhiệt vỏ đèn đường DQL Chip LED SMD","(PTN) Tản nhiệt (Phần trực tiếp gắn chip LED)","PTN-VDDQLC050-H-NO","Tản nhiệt vỏ đèn đường DQL Chip LED SMD Công suất 50W | Vỏ nặng, Chưa sơn","50","Chưa sơn","","","Vỏ nặng"
"PTN-VDDQL","Tản nhiệt vỏ đèn đường DQL Chip LED SMD","(PTN) Tản nhiệt (Phần trực tiếp gắn chip LED)","PTN-VDDQLC100-H-BK","Tản nhiệt vỏ đèn đường DQL Chip LED SMD Công suất 100W | Vỏ nặng, Đen","100","Đen","","","Vỏ nặng"
"PTN-VDDQL","Tản nhiệt vỏ đèn đường DQL Chip LED SMD","(PTN) Tản nhiệt (Phần trực tiếp gắn chip LED)","PTN-VDDQLC100-H-GY","Tản nhiệt vỏ đèn đường DQL Chip LED SMD Công suất 100W | Vỏ nặng, Xám","100","Xám","","","Vỏ nặng"
"PTN-VDDQL","Tản nhiệt vỏ đèn đường DQL Chip LED SMD","(PTN) Tản nhiệt (Phần trực tiếp gắn chip LED)","PTN-VDDQLC100-H-NO","Tản nhiệt vỏ đèn đường DQL Chip LED SMD Công suất 100W | Vỏ nặng, Chưa sơn","100","Chưa sơn","","","Vỏ nặng"
"PTN-VDDQL","Tản nhiệt vỏ đèn đường DQL Chip LED SMD","(PTN) Tản nhiệt (Phần trực tiếp gắn chip LED)","PTN-VDDQLC150-H-BK","Tản nhiệt vỏ đèn đường DQL Chip LED SMD Công suất 150W | Vỏ nặng, Đen","150","Đen","","","Vỏ nặng"
"PTN-VDDQL","Tản nhiệt vỏ đèn đường DQL Chip LED SMD","(PTN) Tản nhiệt (Phần trực tiếp gắn chip LED)","PTN-VDDQLC150-H-GY","Tản nhiệt vỏ đèn đường DQL Chip LED SMD Công suất 150W | Vỏ nặng, Xám","150","Xám","","","Vỏ nặng"
"PTN-VDDQL","Tản nhiệt vỏ đèn đường DQL Chip LED SMD","(PTN) Tản nhiệt (Phần trực tiếp gắn chip LED)","PTN-VDDQLC150-H-NO","Tản nhiệt vỏ đèn đường DQL Chip LED SMD Công suất 150W | Vỏ nặng, Chưa sơn","150","Chưa sơn","","","Vỏ nặng"
"PTN-VDDQL","Tản nhiệt vỏ đèn đường DQL Chip LED SMD","(PTN) Tản nhiệt (Phần trực tiếp gắn chip LED)","PTN-VDDQLC200-H-BK","Tản nhiệt vỏ đèn đường DQL Chip LED SMD Công suất 200W | Vỏ nặng, Đen","200","Đen","","","Vỏ nặng"
"PTN-VDDQL","Tản nhiệt vỏ đèn đường DQL Chip LED SMD","(PTN) Tản nhiệt (Phần trực tiếp gắn chip LED)","PTN-VDDQLC200-H-GY","Tản nhiệt vỏ đèn đường DQL Chip LED SMD Công suất 200W | Vỏ nặng, Xám","200","Xám","","","Vỏ nặng"
"PTN-VDDQL","Tản nhiệt vỏ đèn đường DQL Chip LED SMD","(PTN) Tản nhiệt (Phần trực tiếp gắn chip LED)","PTN-VDDQLC200-H-NO","Tản nhiệt vỏ đèn đường DQL Chip LED SMD Công suất 200W | Vỏ nặng, Chưa sơn","200","Chưa sơn","","","Vỏ nặng"
"PTN-VDDQL","Tản nhiệt vỏ đèn đường DQL Chip LED SMD","(PTN) Tản nhiệt (Phần trực tiếp gắn chip LED)","PTN-VDDQLC250-H-BK","Tản nhiệt vỏ đèn đường DQL Chip LED SMD Công suất 250W | Vỏ nặng, Đen","250","Đen","","","Vỏ nặng"
"PTN-VDDQL","Tản nhiệt vỏ đèn đường DQL Chip LED SMD","(PTN) Tản nhiệt (Phần trực tiếp gắn chip LED)","PTN-VDDQLC250-H-GY","Tản nhiệt vỏ đèn đường DQL Chip LED SMD Công suất 250W | Vỏ nặng, Xám","250","Xám","","","Vỏ nặng"
"PTN-VDDQL","Tản nhiệt vỏ đèn đường DQL Chip LED SMD","(PTN) Tản nhiệt (Phần trực tiếp gắn chip LED)","PTN-VDDQLC250-H-NO","Tản nhiệt vỏ đèn đường DQL Chip LED SMD Công suất 250W | Vỏ nặng, Chưa sơn","250","Chưa sơn","","","Vỏ nặng"
"PTN-VDX01","Tản nhiệt vỏ đèn đường X01 Chip LED SMD","(PTN) Tản nhiệt (Phần trực tiếp gắn chip LED)","PTN-VDX01S050","Tản nhiệt vỏ đèn đường X01 Chip LED SMD Công suất 50W","50","","","",""
"PTN-VDX01","Tản nhiệt vỏ đèn đường X01 Chip LED SMD","(PTN) Tản nhiệt (Phần trực tiếp gắn chip LED)","PTN-VDX01S100","Tản nhiệt vỏ đèn đường X01 Chip LED SMD Công suất 100W","100","","","",""
"PTN-VDX01","Tản nhiệt vỏ đèn đường X01 Chip LED SMD","(PTN) Tản nhiệt (Phần trực tiếp gắn chip LED)","PTN-VDX01S150","Tản nhiệt vỏ đèn đường X01 Chip LED SMD Công suất 150W","150","","","",""
"PTN-VDX01","Tản nhiệt vỏ đèn đường X01 Chip LED SMD","(PTN) Tản nhiệt (Phần trực tiếp gắn chip LED)","PTN-VDX01S200","Tản nhiệt vỏ đèn đường X01 Chip LED SMD Công suất 200W","200","","","",""
"PTN-VDX01","Tản nhiệt vỏ đèn đường X01 Chip LED SMD","(PTN) Tản nhiệt (Phần trực tiếp gắn chip LED)","PTN-VDX01S250","Tản nhiệt vỏ đèn đường X01 Chip LED SMD Công suất 250W","250","","","",""
"PTN-VDX02","Tản nhiệt vỏ đèn đường X02 Chip LED SMD","(PTN) Tản nhiệt (Phần trực tiếp gắn chip LED)","PTN-VDX02S100-GY","Tản nhiệt vỏ đèn đường X02 Chip LED SMD Công suất 100W | Xám","100","Xám","","",""
"PTN-VDX02","Tản nhiệt vỏ đèn đường X02 Chip LED SMD","(PTN) Tản nhiệt (Phần trực tiếp gắn chip LED)","PTN-VDX02S100-BN","Tản nhiệt vỏ đèn đường X02 Chip LED SMD Công suất 100W | Nâu","100","Nâu","","",""
"PTN-VDX02","Tản nhiệt vỏ đèn đường X02 Chip LED SMD","(PTN) Tản nhiệt (Phần trực tiếp gắn chip LED)","PTN-VDX02S150-GY","Tản nhiệt vỏ đèn đường X02 Chip LED SMD Công suất 150W | Xám","150","Xám","","",""
"PTN-VDX02","Tản nhiệt vỏ đèn đường X02 Chip LED SMD","(PTN) Tản nhiệt (Phần trực tiếp gắn chip LED)","PTN-VDX02S150-BN","Tản nhiệt vỏ đèn đường X02 Chip LED SMD Công suất 150W | Nâu","150","Nâu","","",""
"PTN-VDX02","Tản nhiệt vỏ đèn đường X02 Chip LED SMD","(PTN) Tản nhiệt (Phần trực tiếp gắn chip LED)","PTN-VDX02S200-GY","Tản nhiệt vỏ đèn đường X02 Chip LED SMD Công suất 200W | Xám","200","Xám","","",""
"PTN-VDX02","Tản nhiệt vỏ đèn đường X02 Chip LED SMD","(PTN) Tản nhiệt (Phần trực tiếp gắn chip LED)","PTN-VDX02S200-BN","Tản nhiệt vỏ đèn đường X02 Chip LED SMD Công suất 200W | Nâu","200","Nâu","","",""
"PTN-VDX03","Tản nhiệt vỏ đèn đường X03 Chip LED SMD","(PTN) Tản nhiệt (Phần trực tiếp gắn chip LED)","PTN-VDX03S050","Tản nhiệt vỏ đèn đường X03 Chip LED SMD Công suất 50W","50","","","",""
"PTN-VDX03","Tản nhiệt vỏ đèn đường X03 Chip LED SMD","(PTN) Tản nhiệt (Phần trực tiếp gắn chip LED)","PTN-VDX03S100","Tản nhiệt vỏ đèn đường X03 Chip LED SMD Công suất 100W","100","","","",""
"PTN-VDX03","Tản nhiệt vỏ đèn đường X03 Chip LED SMD","(PTN) Tản nhiệt (Phần trực tiếp gắn chip LED)","PTN-VDX03S150","Tản nhiệt vỏ đèn đường X03 Chip LED SMD Công suất 150W","150","","","",""
"PTN-VDX03","Tản nhiệt vỏ đèn đường X03 Chip LED SMD","(PTN) Tản nhiệt (Phần trực tiếp gắn chip LED)","PTN-VDX03S200","Tản nhiệt vỏ đèn đường X03 Chip LED SMD Công suất 200W","200","","","",""
"PTN-VDX03","Tản nhiệt vỏ đèn đường X03 Chip LED SMD","(PTN) Tản nhiệt (Phần trực tiếp gắn chip LED)","PTN-VDX03S250","Tản nhiệt vỏ đèn đường X03 Chip LED SMD Công suất 250W","250","","","",""
"PTN-VDXHB","Tản nhiệt vỏ đèn đường XHB Chip LED SMD","(PTN) Tản nhiệt (Phần trực tiếp gắn chip LED)","PTN-VDXHBC050","Tản nhiệt vỏ đèn đường XHB Chip LED SMD Công suất 50W","50","","","",""
"PTN-VDXHB","Tản nhiệt vỏ đèn đường XHB Chip LED SMD","(PTN) Tản nhiệt (Phần trực tiếp gắn chip LED)","PTN-VDXHBC100","Tản nhiệt vỏ đèn đường XHB Chip LED SMD Công suất 100W","100","","","",""
"PTN-VDXHB","Tản nhiệt vỏ đèn đường XHB Chip LED SMD","(PTN) Tản nhiệt (Phần trực tiếp gắn chip LED)","PTN-VDXHBC150","Tản nhiệt vỏ đèn đường XHB Chip LED SMD Công suất 150W","150","","","",""
"PTN-VDXHB","Tản nhiệt vỏ đèn đường XHB Chip LED SMD","(PTN) Tản nhiệt (Phần trực tiếp gắn chip LED)","PTN-VDXHBC200","Tản nhiệt vỏ đèn đường XHB Chip LED SMD Công suất 200W","200","","","",""
"PTN-VDXHB","Tản nhiệt vỏ đèn đường XHB Chip LED SMD","(PTN) Tản nhiệt (Phần trực tiếp gắn chip LED)","PTN-VDXHBC250","Tản nhiệt vỏ đèn đường XHB Chip LED SMD Công suất 250W","250","","","",""
"PTN-VDXHB","Tản nhiệt vỏ đèn đường XHB Chip LED SMD","(PTN) Tản nhiệt (Phần trực tiếp gắn chip LED)","PTN-VDXHBC300","Tản nhiệt vỏ đèn đường XHB Chip LED SMD Công suất 300W","300","","","",""
"PTN-VDXHB","Tản nhiệt vỏ đèn đường XHB Chip LED SMD","(PTN) Tản nhiệt (Phần trực tiếp gắn chip LED)","PTN-VDXHBC350","Tản nhiệt vỏ đèn đường XHB Chip LED SMD Công suất 350W","350","","","",""
"PTN-VDXHB","Tản nhiệt vỏ đèn đường XHB Chip LED SMD","(PTN) Tản nhiệt (Phần trực tiếp gắn chip LED)","PTN-VDXHBC400","Tản nhiệt vỏ đèn đường XHB Chip LED SMD Công suất 400W","400","","","",""
"PTN-VDXTT","Tản nhiệt vỏ đèn đường XTT Chip LED SMD","(PTN) Tản nhiệt (Phần trực tiếp gắn chip LED)","PTN-VDXTTC050","Tản nhiệt vỏ đèn đường XTT Chip LED SMD Công suất 50W","50","","","",""
"PTN-VDXTT","Tản nhiệt vỏ đèn đường XTT Chip LED SMD","(PTN) Tản nhiệt (Phần trực tiếp gắn chip LED)","PTN-VDXTTC100","Tản nhiệt vỏ đèn đường XTT Chip LED SMD Công suất 100W","100","","","",""
"PTN-VDXTT","Tản nhiệt vỏ đèn đường XTT Chip LED SMD","(PTN) Tản nhiệt (Phần trực tiếp gắn chip LED)","PTN-VDXTTC150","Tản nhiệt vỏ đèn đường XTT Chip LED SMD Công suất 150W","150","","","",""
"PTN-VDXTT","Tản nhiệt vỏ đèn đường XTT Chip LED SMD","(PTN) Tản nhiệt (Phần trực tiếp gắn chip LED)","PTN-VDXTTC200","Tản nhiệt vỏ đèn đường XTT Chip LED SMD Công suất 200W","200","","","",""
"PTN-VDXTT","Tản nhiệt vỏ đèn đường XTT Chip LED SMD","(PTN) Tản nhiệt (Phần trực tiếp gắn chip LED)","PTN-VDXTTC250","Tản nhiệt vỏ đèn đường XTT Chip LED SMD Công suất 250W","250","","","",""
"PTN-VDNU1","Tản nhiệt vỏ đèn đường NU1 Chip LED SMD","(PTN) Tản nhiệt (Phần trực tiếp gắn chip LED)","PTN-VDNU1C050","Tản nhiệt vỏ đèn đường NU1 Chip LED SMD Công suất 50W","50","","","",""
"PTN-VDNU1","Tản nhiệt vỏ đèn đường NU1 Chip LED SMD","(PTN) Tản nhiệt (Phần trực tiếp gắn chip LED)","PTN-VDNU1C100","Tản nhiệt vỏ đèn đường NU1 Chip LED SMD Công suất 100W","100","","","",""
"PTN-VDNU1","Tản nhiệt vỏ đèn đường NU1 Chip LED SMD","(PTN) Tản nhiệt (Phần trực tiếp gắn chip LED)","PTN-VDNU1C150","Tản nhiệt vỏ đèn đường NU1 Chip LED SMD Công suất 150W","150","","","",""
"PTN-VDNU1","Tản nhiệt vỏ đèn đường NU1 Chip LED SMD","(PTN) Tản nhiệt (Phần trực tiếp gắn chip LED)","PTN-VDNU1C200","Tản nhiệt vỏ đèn đường NU1 Chip LED SMD Công suất 200W","200","","","",""
"PTN-VDNU1","Tản nhiệt vỏ đèn đường NU1 Chip LED SMD","(PTN) Tản nhiệt (Phần trực tiếp gắn chip LED)","PTN-VDNU1C250","Tản nhiệt vỏ đèn đường NU1 Chip LED SMD Công suất 250W","250","","","",""
"PTN-VDNU2","Tản nhiệt vỏ đèn đường NU2 Chip LED SMD","(PTN) Tản nhiệt (Phần trực tiếp gắn chip LED)","PTN-VDNU2S100","Tản nhiệt vỏ đèn đường NU2 Chip LED SMD Công suất 100W","100","","","",""
"PTN-VDNU2","Tản nhiệt vỏ đèn đường NU2 Chip LED SMD","(PTN) Tản nhiệt (Phần trực tiếp gắn chip LED)","PTN-VDNU2S150","Tản nhiệt vỏ đèn đường NU2 Chip LED SMD Công suất 150W","150","","","",""
"PTN-VDNU2","Tản nhiệt vỏ đèn đường NU2 Chip LED SMD","(PTN) Tản nhiệt (Phần trực tiếp gắn chip LED)","PTN-VDNU2S200","Tản nhiệt vỏ đèn đường NU2 Chip LED SMD Công suất 200W","200","","","",""
"PTN-VDNU2","Tản nhiệt vỏ đèn đường NU2 Chip LED SMD","(PTN) Tản nhiệt (Phần trực tiếp gắn chip LED)","PTN-VDNU2S250","Tản nhiệt vỏ đèn đường NU2 Chip LED SMD Công suất 250W","250","","","",""
"PTN-VDNP1","Tản nhiệt vỏ đèn đường NP1 Chip LED SMD","(PTN) Tản nhiệt (Phần trực tiếp gắn chip LED)","PTN-VDNP1S150-YL","Tản nhiệt vỏ đèn đường NP1 Chip LED SMD Công suất 150W | Vàng","150","Vàng","","",""
"PTN-VDNP1","Tản nhiệt vỏ đèn đường NP1 Chip LED SMD","(PTN) Tản nhiệt (Phần trực tiếp gắn chip LED)","PTN-VDNP1S200-YL","Tản nhiệt vỏ đèn đường NP1 Chip LED SMD Công suất 200W | Vàng","200","Vàng","","",""
"PTN-VDNP1","Tản nhiệt vỏ đèn đường NP1 Chip LED SMD","(PTN) Tản nhiệt (Phần trực tiếp gắn chip LED)","PTN-VDNP1S400-YL","Tản nhiệt vỏ đèn đường NP1 Chip LED SMD Công suất 400W | Vàng","400","Vàng","","",""
"PTN-VDNP1","Tản nhiệt vỏ đèn đường NP1 Chip LED SMD","(PTN) Tản nhiệt (Phần trực tiếp gắn chip LED)","PTN-VDNP1S150-MG","Tản nhiệt vỏ đèn đường NP1 Chip LED SMD Công suất 150W | Xanh rêu","150","Xanh rêu","","",""
"PTN-VDNP1","Tản nhiệt vỏ đèn đường NP1 Chip LED SMD","(PTN) Tản nhiệt (Phần trực tiếp gắn chip LED)","PTN-VDNP1S200-MG","Tản nhiệt vỏ đèn đường NP1 Chip LED SMD Công suất 200W | Xanh rêu","200","Xanh rêu","","",""
"PTN-VDNP1","Tản nhiệt vỏ đèn đường NP1 Chip LED SMD","(PTN) Tản nhiệt (Phần trực tiếp gắn chip LED)","PTN-VDNP1S400-MG","Tản nhiệt vỏ đèn đường NP1 Chip LED SMD Công suất 400W | Xanh rêu","400","Xanh rêu","","",""