"Mã sản phẩm","Tên sản phẩm","Nhóm sản phẩm","Phương pháp bổ sung","Mã biến thể","Tên biến thể","Công suất","Phân loại nắp"
"PNH-VDD01","Nắp che khoang nguồn đèn đường D01","(PNH) Nắp hộp","Mua hàng","","","",""
"PNH-VDD02","Nắp che khoang nguồn đèn đường D02","(PNH) Nắp hộp","Mua hàng","","","",""
"PNH-VDD03","Nắp che khoang nguồn đèn đường D03","(PNH) Nắp hộp","Mua hàng","","","",""
"PNH-VDD05","Nắp che khoang nguồn đèn đường D05","(PNH) Nắp hộp","Mua hàng","","","",""
"PNH-VDD06","Nắp che khoang nguồn đèn đường D06","(PNH) Nắp hộp","Mua hàng","","","",""
"PNH-VDD11","Nắp che khoang nguồn đèn đường D11","(PNH) Nắp hộp","Mua hàng","","","",""
"PNH-VDD12","Nắp che khoang nguồn đèn đường D12","(PNH) Nắp hộp","Mua hàng","","","",""
"PNH-VDD13","Nắp che khoang nguồn đèn đường D13","(PNH) Nắp hộp","Mua hàng","","","",""
"PNH-VDD14","Nắp che khoang nguồn đèn đường D14","(PNH) Nắp hộp","Mua hàng","","","",""
"PNH-VDD15","Nắp che khoang nguồn đèn đường D15","(PNH) Nắp hộp","Mua hàng","","","",""
"PNH-VDDQL","Nắp hộp nguồn đèn đường quạt DQL","(PNH) Nắp hộp","Mua hàng","PNH-VDDQLC030-BK","Nắp hộp nguồn đèn đường quạt DQL Công suất 30W - Đen","30W","Đen"
"PNH-VDDQL","Nắp hộp nguồn đèn đường quạt DQL","(PNH) Nắp hộp","Mua hàng","PNH-VDDQLC050-BK","Nắp hộp nguồn đèn đường quạt DQL Công suất 50W - Đen","50W","Đen"
"PNH-VDDQL","Nắp hộp nguồn đèn đường quạt DQL","(PNH) Nắp hộp","Mua hàng","PNH-VDDQLC080-BK","Nắp hộp nguồn đèn đường quạt DQL Công suất 80W - Đen","80W","Đen"
"PNH-VDDQL","Nắp hộp nguồn đèn đường quạt DQL","(PNH) Nắp hộp","Mua hàng","PNH-VDDQLC100-BK","Nắp hộp nguồn đèn đường quạt DQL Công suất 100W - Đen","100W","Đen"
"PNH-VDDQL","Nắp hộp nguồn đèn đường quạt DQL","(PNH) Nắp hộp","Mua hàng","PNH-VDDQLC150-BK","Nắp hộp nguồn đèn đường quạt DQL Công suất 150W - Đen","150W","Đen"
"PNH-VDDQL","Nắp hộp nguồn đèn đường quạt DQL","(PNH) Nắp hộp","Mua hàng","PNH-VDDQLC200-BK","Nắp hộp nguồn đèn đường quạt DQL Công suất 200W - Đen","200W","Đen"
"PNH-VDDQL","Nắp hộp nguồn đèn đường quạt DQL","(PNH) Nắp hộp","Mua hàng","PNH-VDDQLC250-BK","Nắp hộp nguồn đèn đường quạt DQL Công suất 250W - Đen","250W","Đen"
"PNH-VDDQL","Nắp hộp nguồn đèn đường quạt DQL","(PNH) Nắp hộp","Mua hàng","PNH-VDDQLC030-GY","Nắp hộp nguồn đèn đường quạt DQL Công suất 30W - Xám","30W","Xám"
"PNH-VDDQL","Nắp hộp nguồn đèn đường quạt DQL","(PNH) Nắp hộp","Mua hàng","PNH-VDDQLC050-GY","Nắp hộp nguồn đèn đường quạt DQL Công suất 50W - Xám","50W","Xám"
"PNH-VDDQL","Nắp hộp nguồn đèn đường quạt DQL","(PNH) Nắp hộp","Mua hàng","PNH-VDDQLC080-GY","Nắp hộp nguồn đèn đường quạt DQL Công suất 80W - Xám","80W","Xám"
"PNH-VDDQL","Nắp hộp nguồn đèn đường quạt DQL","(PNH) Nắp hộp","Mua hàng","PNH-VDDQLC100-GY","Nắp hộp nguồn đèn đường quạt DQL Công suất 100W - Xám","100W","Xám"
"PNH-VDDQL","Nắp hộp nguồn đèn đường quạt DQL","(PNH) Nắp hộp","Mua hàng","PNH-VDDQLC150-GY","Nắp hộp nguồn đèn đường quạt DQL Công suất 150W - Xám","150W","Xám"
"PNH-VDDQL","Nắp hộp nguồn đèn đường quạt DQL","(PNH) Nắp hộp","Mua hàng","PNH-VDDQLC200-GY","Nắp hộp nguồn đèn đường quạt DQL Công suất 200W - Xám","200W","Xám"
"PNH-VDDQL","Nắp hộp nguồn đèn đường quạt DQL","(PNH) Nắp hộp","Mua hàng","PNH-VDDQLC250-GY","Nắp hộp nguồn đèn đường quạt DQL Công suất 250W - Xám","250W","Xám"
"PNH-VDDQL","Nắp hộp nguồn đèn đường quạt DQL","(PNH) Nắp hộp","Mua hàng","PNH-VDDQLC030-NO","Nắp hộp nguồn đèn đường quạt DQL Công suất 30W - Chưa sơn","30W","Chưa sơn"
"PNH-VDDQL","Nắp hộp nguồn đèn đường quạt DQL","(PNH) Nắp hộp","Mua hàng","PNH-VDDQLC050-NO","Nắp hộp nguồn đèn đường quạt DQL Công suất 50W - Chưa sơn","50W","Chưa sơn"
"PNH-VDDQL","Nắp hộp nguồn đèn đường quạt DQL","(PNH) Nắp hộp","Mua hàng","PNH-VDDQLC080-NO","Nắp hộp nguồn đèn đường quạt DQL Công suất 80W - Chưa sơn","80W","Chưa sơn"
"PNH-VDDQL","Nắp hộp nguồn đèn đường quạt DQL","(PNH) Nắp hộp","Mua hàng","PNH-VDDQLC100-NO","Nắp hộp nguồn đèn đường quạt DQL Công suất 100W - Chưa sơn","100W","Chưa sơn"
"PNH-VDDQL","Nắp hộp nguồn đèn đường quạt DQL","(PNH) Nắp hộp","Mua hàng","PNH-VDDQLC150-NO","Nắp hộp nguồn đèn đường quạt DQL Công suất 150W - Chưa sơn","150W","Chưa sơn"
"PNH-VDDQL","Nắp hộp nguồn đèn đường quạt DQL","(PNH) Nắp hộp","Mua hàng","PNH-VDDQLC200-NO","Nắp hộp nguồn đèn đường quạt DQL Công suất 200W - Chưa sơn","200W","Chưa sơn"
"PNH-VDDQL","Nắp hộp nguồn đèn đường quạt DQL","(PNH) Nắp hộp","Mua hàng","PNH-VDDQLC250-NO","Nắp hộp nguồn đèn đường quạt DQL Công suất 250W - Chưa sơn","250W","Chưa sơn"
"PNH-VDD71","Nắp che khoang nguồn đèn đường BRP371","(PNH) Nắp hộp","Mua hàng","","","",""
"PNH-VDD72","Nắp che khoang nguồn đèn đường BRP372","(PNH) Nắp hộp","Mua hàng","","","",""
"PNH-VDD73","Nắp che khoang nguồn đèn đường BRP373","(PNH) Nắp hộp","Mua hàng","","","",""
"PNH-VDD74","Nắp che khoang nguồn đèn đường BRP374","(PNH) Nắp hộp","Mua hàng","","","",""
"PNH-VDD91","Nắp che khoang nguồn đèn đường BRP391","(PNH) Nắp hộp","Mua hàng","","","",""
"PNH-VDD92","Nắp che khoang nguồn đèn đường BRP392","(PNH) Nắp hộp","Mua hàng","","","",""
"PNH-VDD94","Nắp che khoang nguồn đèn đường BRP394","(PNH) Nắp hộp","Mua hàng","","","",""
"PNH-VDD20","Nắp khoang nguồn đèn đường D20","(PNH) Nắp hộp","Mua hàng","PNH-VDD20S050-A","Nắp khoang nguồn đèn đường D20 Công suất 50W - Mẫu A","50W","Mẫu A"
"PNH-VDD20","Nắp khoang nguồn đèn đường D20","(PNH) Nắp hộp","Mua hàng","PNH-VDD20S100-A","Nắp khoang nguồn đèn đường D20 Công suất 100W - Mẫu A","100W","Mẫu A"
"PNH-VDD20","Nắp khoang nguồn đèn đường D20","(PNH) Nắp hộp","Mua hàng","PNH-VDD20S150-A","Nắp khoang nguồn đèn đường D20 Công suất 150W - Mẫu A","150W","Mẫu A"
"PNH-VDD20","Nắp khoang nguồn đèn đường D20","(PNH) Nắp hộp","Mua hàng","PNH-VDD20S200-A","Nắp khoang nguồn đèn đường D20 Công suất 200W - Mẫu A","200W","Mẫu A"
"PNH-VDD20","Nắp khoang nguồn đèn đường D20","(PNH) Nắp hộp","Mua hàng","PNH-VDD20S250-A","Nắp khoang nguồn đèn đường D20 Công suất 250W - Mẫu A","250W","Mẫu A"
"PNH-VDD20","Nắp khoang nguồn đèn đường D20","(PNH) Nắp hộp","Mua hàng","PNH-VDD20S050-B","Nắp khoang nguồn đèn đường D20 Công suất 50W - Mẫu B","50W","Mẫu B"
"PNH-VDD20","Nắp khoang nguồn đèn đường D20","(PNH) Nắp hộp","Mua hàng","PNH-VDD20S100-B","Nắp khoang nguồn đèn đường D20 Công suất 100W - Mẫu B","100W","Mẫu B"
"PNH-VDD20","Nắp khoang nguồn đèn đường D20","(PNH) Nắp hộp","Mua hàng","PNH-VDD20S150-B","Nắp khoang nguồn đèn đường D20 Công suất 150W - Mẫu B","150W","Mẫu B"
"PNH-VDD20","Nắp khoang nguồn đèn đường D20","(PNH) Nắp hộp","Mua hàng","PNH-VDD20S200-B","Nắp khoang nguồn đèn đường D20 Công suất 200W - Mẫu B","200W","Mẫu B"
"PNH-VDD20","Nắp khoang nguồn đèn đường D20","(PNH) Nắp hộp","Mua hàng","PNH-VDD20S250-B","Nắp khoang nguồn đèn đường D20 Công suất 250W - Mẫu B","250W","Mẫu B"
"PNH-VDD21","Nắp khoang nguồn đèn đường D21","(PNH) Nắp hộp","Mua hàng","PNH-VDD21S050","Nắp khoang nguồn đèn đường D21 Công suất 50W","50W",""
"PNH-VDD21","Nắp khoang nguồn đèn đường D21","(PNH) Nắp hộp","Mua hàng","PNH-VDD21S100","Nắp khoang nguồn đèn đường D21 Công suất 100W","100W",""
"PNH-VDD21","Nắp khoang nguồn đèn đường D21","(PNH) Nắp hộp","Mua hàng","PNH-VDD21S150","Nắp khoang nguồn đèn đường D21 Công suất 150W","150W",""
"PNH-VDD21","Nắp khoang nguồn đèn đường D21","(PNH) Nắp hộp","Mua hàng","PNH-VDD21S200","Nắp khoang nguồn đèn đường D21 Công suất 200W","200W",""
"PNH-VDD21","Nắp khoang nguồn đèn đường D21","(PNH) Nắp hộp","Mua hàng","PNH-VDD21S250","Nắp khoang nguồn đèn đường D21 Công suất 250W","250W",""
"PNH-VDD23","Nắp khoang nguồn đèn đường D23","(PNH) Nắp hộp","Mua hàng","PNH-VDD23S050","Nắp khoang nguồn đèn đường D23 Công suất 50W","50W",""
"PNH-VDD23","Nắp khoang nguồn đèn đường D23","(PNH) Nắp hộp","Mua hàng","PNH-VDD23S100","Nắp khoang nguồn đèn đường D23 Công suất 100W","100W",""
"PNH-VDD23","Nắp khoang nguồn đèn đường D23","(PNH) Nắp hộp","Mua hàng","PNH-VDD23S150","Nắp khoang nguồn đèn đường D23 Công suất 150W","150W",""
"PNH-VDD23","Nắp khoang nguồn đèn đường D23","(PNH) Nắp hộp","Mua hàng","PNH-VDD23S200","Nắp khoang nguồn đèn đường D23 Công suất 200W","200W",""
"PNH-VDD23","Nắp khoang nguồn đèn đường D23","(PNH) Nắp hộp","Mua hàng","PNH-VDD23S250","Nắp khoang nguồn đèn đường D23 Công suất 250W","250W",""
"PNH-VDD26","Nắp khoang nguồn đèn đường D26","(PNH) Nắp hộp","Mua hàng","PNH-VDD26S050","Nắp khoang nguồn đèn đường D26 Công suất 50W","50W",""
"PNH-VDD26","Nắp khoang nguồn đèn đường D26","(PNH) Nắp hộp","Mua hàng","PNH-VDD26S100","Nắp khoang nguồn đèn đường D26 Công suất 100W","100W",""
"PNH-VDD26","Nắp khoang nguồn đèn đường D26","(PNH) Nắp hộp","Mua hàng","PNH-VDD26S150","Nắp khoang nguồn đèn đường D26 Công suất 150W","150W",""
"PNH-VDD26","Nắp khoang nguồn đèn đường D26","(PNH) Nắp hộp","Mua hàng","PNH-VDD26S200","Nắp khoang nguồn đèn đường D26 Công suất 200W","200W",""
"PNH-VDD26","Nắp khoang nguồn đèn đường D26","(PNH) Nắp hộp","Mua hàng","PNH-VDD26S250","Nắp khoang nguồn đèn đường D26 Công suất 250W","250W",""
"PNH-VDD24","Nắp hộp nguồn đèn đường D24","(PNH) Nắp hộp","Mua hàng","PNH-VDD24S050","Nắp hộp nguồn đèn đường D24 Công suất 50W","50W",""
"PNH-VDD24","Nắp hộp nguồn đèn đường D24","(PNH) Nắp hộp","Mua hàng","PNH-VDD24S100","Nắp hộp nguồn đèn đường D24 Công suất 100W","100W",""
"PNH-VDD24","Nắp hộp nguồn đèn đường D24","(PNH) Nắp hộp","Mua hàng","PNH-VDD24S150","Nắp hộp nguồn đèn đường D24 Công suất 150W","150W",""
"PNH-VDD24","Nắp hộp nguồn đèn đường D24","(PNH) Nắp hộp","Mua hàng","PNH-VDD24S200","Nắp hộp nguồn đèn đường D24 Công suất 200W","200W",""
"PNH-VDDS1","Nắp hộp nguồn đèn đường DS1","(PNH) Nắp hộp","Mua hàng","PNH-VDDS1S050","Nắp hộp nguồn đèn đường DS1 Công suất 50W","50W",""
"PNH-VDDS1","Nắp hộp nguồn đèn đường DS1","(PNH) Nắp hộp","Mua hàng","PNH-VDDS1S100","Nắp hộp nguồn đèn đường DS1 Công suất 100W","100W",""
"PNH-VDDS1","Nắp hộp nguồn đèn đường DS1","(PNH) Nắp hộp","Mua hàng","PNH-VDDS1S150","Nắp hộp nguồn đèn đường DS1 Công suất 150W","150W",""
"PNH-VDPS1","Nắp hộp nguồn đèn pha PS1","(PNH) Nắp hộp","Mua hàng","PNH-VDPS1S100","Nắp hộp nguồn đèn pha PS1 Công suất 100W","100W",""
"PNH-VDPS1","Nắp hộp nguồn đèn pha PS1","(PNH) Nắp hộp","Mua hàng","PNH-VDPS1S200","Nắp hộp nguồn đèn pha PS1 Công suất 200W","200W",""
"PNH-VDPXH","Nắp hộp nguồn đèn pha rọi xám PXH","(PNH) Nắp hộp","Mua hàng","PNH-VDPXHC010","Nắp hộp nguồn đèn pha rọi xám PXH Công suất 10W","10W",""
"PNH-VDPXH","Nắp hộp nguồn đèn pha rọi xám PXH","(PNH) Nắp hộp","Mua hàng","PNH-VDPXHC020","Nắp hộp nguồn đèn pha rọi xám PXH Công suất 20W","20W",""
"PNH-VDPXH","Nắp hộp nguồn đèn pha rọi xám PXH","(PNH) Nắp hộp","Mua hàng","PNH-VDPXHC030","Nắp hộp nguồn đèn pha rọi xám PXH Công suất 30W","30W",""
"PNH-VDPXH","Nắp hộp nguồn đèn pha rọi xám PXH","(PNH) Nắp hộp","Mua hàng","PNH-VDPXHC050","Nắp hộp nguồn đèn pha rọi xám PXH Công suất 50W","50W",""
"PNH-VDPXH","Nắp hộp nguồn đèn pha rọi xám PXH","(PNH) Nắp hộp","Mua hàng","PNH-VDPXHC100","Nắp hộp nguồn đèn pha rọi xám PXH Công suất 100W","100W",""
"PNH-VDPXH","Nắp hộp nguồn đèn pha rọi xám PXH","(PNH) Nắp hộp","Mua hàng","PNH-VDPXHC150","Nắp hộp nguồn đèn pha rọi xám PXH Công suất 150W","150W",""
"PNH-VDPXH","Nắp hộp nguồn đèn pha rọi xám PXH","(PNH) Nắp hộp","Mua hàng","PNH-VDPXHC200","Nắp hộp nguồn đèn pha rọi xám PXH Công suất 200W","200W",""
"PNH-VDPXH","Nắp hộp nguồn đèn pha rọi xám PXH","(PNH) Nắp hộp","Mua hàng","PNH-VDPXHC250","Nắp hộp nguồn đèn pha rọi xám PXH Công suất 250W","250W",""
"PNH-VDPXH","Nắp hộp nguồn đèn pha rọi xám PXH","(PNH) Nắp hộp","Mua hàng","PNH-VDPXHC300-2H","Nắp hộp nguồn đèn pha rọi xám PXH Công suất 300W - 2 hàng","300W","2 hàng"
"PNH-VDPXH","Nắp hộp nguồn đèn pha rọi xám PXH","(PNH) Nắp hộp","Mua hàng","PNH-VDPXHC400-2H","Nắp hộp nguồn đèn pha rọi xám PXH Công suất 400W - 2 hàng","400W","2 hàng"
"PNH-VDPXH","Nắp hộp nguồn đèn pha rọi xám PXH","(PNH) Nắp hộp","Mua hàng","PNH-VDPXHC500-2H","Nắp hộp nguồn đèn pha rọi xám PXH Công suất 500W - 2 hàng","500W","2 hàng"
"PNH-VDPVL","Nắp hộp nguồn đèn pha viền mắt lồi PVL","(PNH) Nắp hộp","Mua hàng","PNH-VDPVLC100","Nắp hộp nguồn đèn pha viền mắt lồi PVL Công suất 100W","100W",""
"PNH-VDPVL","Nắp hộp nguồn đèn pha viền mắt lồi PVL","(PNH) Nắp hộp","Mua hàng","PNH-VDPVLC150","Nắp hộp nguồn đèn pha viền mắt lồi PVL Công suất 150W","150W",""
"PNH-VDPVL","Nắp hộp nguồn đèn pha viền mắt lồi PVL","(PNH) Nắp hộp","Mua hàng","PNH-VDPVLC200","Nắp hộp nguồn đèn pha viền mắt lồi PVL Công suất 200W","200W",""
"PNH-VDPVL","Nắp hộp nguồn đèn pha viền mắt lồi PVL","(PNH) Nắp hộp","Mua hàng","PNH-VDPVLC250","Nắp hộp nguồn đèn pha viền mắt lồi PVL Công suất 250W","250W",""
"PNH-VDPVL","Nắp hộp nguồn đèn pha viền mắt lồi PVL","(PNH) Nắp hộp","Mua hàng","PNH-VDPVLC300","Nắp hộp nguồn đèn pha viền mắt lồi PVL Công suất 300W","300W",""
"PNH-VDPVL","Nắp hộp nguồn đèn pha viền mắt lồi PVL","(PNH) Nắp hộp","Mua hàng","PNH-VDPVLC400","Nắp hộp nguồn đèn pha viền mắt lồi PVL Công suất 400W","400W",""
"PNH-VDPKD","Nắp hộp nguồn đèn pha kẻ dọc PKD","(PNH) Nắp hộp","Mua hàng","PNH-VDPKDC050","Nắp hộp nguồn đèn pha kẻ dọc PKD Công suất 50W","50W",""
"PNH-VDPKD","Nắp hộp nguồn đèn pha kẻ dọc PKD","(PNH) Nắp hộp","Mua hàng","PNH-VDPKDC100","Nắp hộp nguồn đèn pha kẻ dọc PKD Công suất 100W","100W",""
"PNH-VDPKD","Nắp hộp nguồn đèn pha kẻ dọc PKD","(PNH) Nắp hộp","Mua hàng","PNH-VDPKDC150","Nắp hộp nguồn đèn pha kẻ dọc PKD Công suất 150W","150W",""
"PNH-VDPKD","Nắp hộp nguồn đèn pha kẻ dọc PKD","(PNH) Nắp hộp","Mua hàng","PNH-VDPKDC200","Nắp hộp nguồn đèn pha kẻ dọc PKD Công suất 200W","200W",""
"PNH-VDNU1","Nắp hộp nguồn đèn phòng nổ UFO NU1","(PNH) Nắp hộp","Mua hàng","PNH-VDNU1C050","Nắp hộp nguồn đèn phòng nổ UFO NU1 Công suất 50W","50W",""
"PNH-VDNU1","Nắp hộp nguồn đèn phòng nổ UFO NU1","(PNH) Nắp hộp","Mua hàng","PNH-VDNU1C100","Nắp hộp nguồn đèn phòng nổ UFO NU1 Công suất 100W","100W",""
"PNH-VDNU1","Nắp hộp nguồn đèn phòng nổ UFO NU1","(PNH) Nắp hộp","Mua hàng","PNH-VDNU1C150","Nắp hộp nguồn đèn phòng nổ UFO NU1 Công suất 150W","150W",""
"PNH-VDNU1","Nắp hộp nguồn đèn phòng nổ UFO NU1","(PNH) Nắp hộp","Mua hàng","PNH-VDNU1C200","Nắp hộp nguồn đèn phòng nổ UFO NU1 Công suất 200W","200W",""
"PNH-VDNU1","Nắp hộp nguồn đèn phòng nổ UFO NU1","(PNH) Nắp hộp","Mua hàng","PNH-VDNU1C250","Nắp hộp nguồn đèn phòng nổ UFO NU1 Công suất 250W","250W",""
"PNH-VDNU2","Nắp hộp nguồn đèn phòng nổ UFO NU2","(PNH) Nắp hộp","Mua hàng","PNH-VDNU2S100","Nắp hộp nguồn đèn phòng nổ UFO NU2 Công suất 100W","100W",""
"PNH-VDNU2","Nắp hộp nguồn đèn phòng nổ UFO NU2","(PNH) Nắp hộp","Mua hàng","PNH-VDNU2S200","Nắp hộp nguồn đèn phòng nổ UFO NU2 Công suất 200W","200W",""
"PNH-VDNU2","Nắp hộp nguồn đèn phòng nổ UFO NU2","(PNH) Nắp hộp","Mua hàng","PNH-VDNU2S250","Nắp hộp nguồn đèn phòng nổ UFO NU2 Công suất 250W","250W",""
"PNH-VDNP1","Nắp hộp nguồn đèn phòng nổ pha NP1","(PNH) Nắp hộp","Mua hàng","PNH-VDNP1S150-YL","Nắp hộp nguồn đèn phòng nổ pha NP1 Công suất 150W - Vàng","150W","Vàng"
"PNH-VDNP1","Nắp hộp nguồn đèn phòng nổ pha NP1","(PNH) Nắp hộp","Mua hàng","PNH-VDNP1S200-YL","Nắp hộp nguồn đèn phòng nổ pha NP1 Công suất 200W - Vàng","200W","Vàng"
"PNH-VDNP1","Nắp hộp nguồn đèn phòng nổ pha NP1","(PNH) Nắp hộp","Mua hàng","PNH-VDNP1S400-YL","Nắp hộp nguồn đèn phòng nổ pha NP1 Công suất 400W - Vàng","400W","Vàng"
"PNH-VDNP1","Nắp hộp nguồn đèn phòng nổ pha NP1","(PNH) Nắp hộp","Mua hàng","PNH-VDNP1S150-MG","Nắp hộp nguồn đèn phòng nổ pha NP1 Công suất 150W - Xanh rêu","150W","Xanh rêu"
"PNH-VDNP1","Nắp hộp nguồn đèn phòng nổ pha NP1","(PNH) Nắp hộp","Mua hàng","PNH-VDNP1S200-MG","Nắp hộp nguồn đèn phòng nổ pha NP1 Công suất 200W - Xanh rêu","200W","Xanh rêu"
"PNH-VDNP1","Nắp hộp nguồn đèn phòng nổ pha NP1","(PNH) Nắp hộp","Mua hàng","PNH-VDNP1S400-MG","Nắp hộp nguồn đèn phòng nổ pha NP1 Công suất 400W - Xanh rêu","400W","Xanh rêu"