"Mã sản phẩm","Tên sản phẩm","Nhóm sản phẩm","Phương pháp bổ sung","Mã biến thể","Tên biến thể","Công suất"
"PNL-VDD01","Nắp lưng đèn đường D01","(PNL) Nắp/Thanh che dây điện đèn đường","Mua hàng","","",""
"PNL-VDD02","Nắp lưng đèn đường D02","(PNL) Nắp/Thanh che dây điện đèn đường","Mua hàng","","",""
"PNL-VDD03","Nắp lưng đèn đường D03","(PNL) Nắp/Thanh che dây điện đèn đường","Mua hàng","","",""
"PNL-VDD05","Nắp lưng đèn đường D05","(PNL) Nắp/Thanh che dây điện đèn đường","Mua hàng","","",""
"PNL-VDD06","Nắp lưng đèn đường D06","(PNL) Nắp/Thanh che dây điện đèn đường","Mua hàng","","",""
"PNL-VDD11","Thanh che dây điện đèn đường D11","(PNL) Nắp/Thanh che dây điện đèn đường","Mua hàng","PNL-VDD11S050","Thanh che dây điện đèn đường D11 Công suất 50W","50W"
"PNL-VDD11","Thanh che dây điện đèn đường D11","(PNL) Nắp/Thanh che dây điện đèn đường","Mua hàng","PNL-VDD11S100","Thanh che dây điện đèn đường D11 Công suất 100W","100W"
"PNL-VDD11","Thanh che dây điện đèn đường D11","(PNL) Nắp/Thanh che dây điện đèn đường","Mua hàng","PNL-VDD11S150","Thanh che dây điện đèn đường D11 Công suất 150W","150W"
"PNL-VDD11","Thanh che dây điện đèn đường D11","(PNL) Nắp/Thanh che dây điện đèn đường","Mua hàng","PNL-VDD11S200","Thanh che dây điện đèn đường D11 Công suất 200W","200W"
"PNL-VDD11","Thanh che dây điện đèn đường D11","(PNL) Nắp/Thanh che dây điện đèn đường","Mua hàng","PNL-VDD11S250","Thanh che dây điện đèn đường D11 Công suất 250W","250W"
"PNL-VDD11","Thanh che dây điện đèn đường D11","(PNL) Nắp/Thanh che dây điện đèn đường","Mua hàng","PNL-VDD11S300","Thanh che dây điện đèn đường D11 Công suất 300W","300W"
"PNL-VDD12","Thanh che dây điện đèn đường D12","(PNL) Nắp/Thanh che dây điện đèn đường","Mua hàng","PNL-VDD12S050","Thanh che dây điện đèn đường D12 Công suất 50W","50W"
"PNL-VDD12","Thanh che dây điện đèn đường D12","(PNL) Nắp/Thanh che dây điện đèn đường","Mua hàng","PNL-VDD12S100","Thanh che dây điện đèn đường D12 Công suất 100W","100W"
"PNL-VDD12","Thanh che dây điện đèn đường D12","(PNL) Nắp/Thanh che dây điện đèn đường","Mua hàng","PNL-VDD12S150","Thanh che dây điện đèn đường D12 Công suất 150W","150W"
"PNL-VDD12","Thanh che dây điện đèn đường D12","(PNL) Nắp/Thanh che dây điện đèn đường","Mua hàng","PNL-VDD12S200","Thanh che dây điện đèn đường D12 Công suất 200W","200W"
"PNL-VDD12","Thanh che dây điện đèn đường D12","(PNL) Nắp/Thanh che dây điện đèn đường","Mua hàng","PNL-VDD12S250","Thanh che dây điện đèn đường D12 Công suất 250W","250W"
"PNL-VDD12","Thanh che dây điện đèn đường D12","(PNL) Nắp/Thanh che dây điện đèn đường","Mua hàng","PNL-VDD12S300","Thanh che dây điện đèn đường D12 Công suất 300W","300W"
"PNL-VDD13","Thanh che dây điện đèn đường D13/D14","(PNL) Nắp/Thanh che dây điện đèn đường","Mua hàng","PNL-VDD13S050","Thanh che dây điện đèn đường D13/D14 Công suất 50W","50W"
"PNL-VDD13","Thanh che dây điện đèn đường D13/D14","(PNL) Nắp/Thanh che dây điện đèn đường","Mua hàng","PNL-VDD13S100","Thanh che dây điện đèn đường D13/D14 Công suất 100W","100W"
"PNL-VDD13","Thanh che dây điện đèn đường D13/D14","(PNL) Nắp/Thanh che dây điện đèn đường","Mua hàng","PNL-VDD13S150","Thanh che dây điện đèn đường D13/D14 Công suất 150W","150W"
"PNL-VDD13","Thanh che dây điện đèn đường D13/D14","(PNL) Nắp/Thanh che dây điện đèn đường","Mua hàng","PNL-VDD13S200","Thanh che dây điện đèn đường D13/D14 Công suất 200W","200W"
"PNL-VDD13","Thanh che dây điện đèn đường D13/D14","(PNL) Nắp/Thanh che dây điện đèn đường","Mua hàng","PNL-VDD13S250","Thanh che dây điện đèn đường D13/D14 Công suất 250W","250W"
"PNL-VDD13","Thanh che dây điện đèn đường D13/D14","(PNL) Nắp/Thanh che dây điện đèn đường","Mua hàng","PNL-VDD13S300","Thanh che dây điện đèn đường D13/D14 Công suất 300W","300W"
"PNL-VDD15","Thanh che dây điện đèn đường D15","(PNL) Nắp/Thanh che dây điện đèn đường","Mua hàng","PNL-VDD15S050","Thanh che dây điện đèn đường D15 Công suất 50W","50W"
"PNL-VDD15","Thanh che dây điện đèn đường D15","(PNL) Nắp/Thanh che dây điện đèn đường","Mua hàng","PNL-VDD15S100","Thanh che dây điện đèn đường D15 Công suất 100W","100W"
"PNL-VDD15","Thanh che dây điện đèn đường D15","(PNL) Nắp/Thanh che dây điện đèn đường","Mua hàng","PNL-VDD15S150","Thanh che dây điện đèn đường D15 Công suất 150W","150W"
"PNL-VDD15","Thanh che dây điện đèn đường D15","(PNL) Nắp/Thanh che dây điện đèn đường","Mua hàng","PNL-VDD15S200","Thanh che dây điện đèn đường D15 Công suất 200W","200W"
"PNL-VDD15","Thanh che dây điện đèn đường D15","(PNL) Nắp/Thanh che dây điện đèn đường","Mua hàng","PNL-VDD15S250","Thanh che dây điện đèn đường D15 Công suất 250W","250W"
"PNL-VDD15","Thanh che dây điện đèn đường D15","(PNL) Nắp/Thanh che dây điện đèn đường","Mua hàng","PNL-VDD15S300","Thanh che dây điện đèn đường D15 Công suất 300W","300W"