"Mã sản phẩm","Tên sản phẩm","Nhóm sản phẩm","Phương pháp bổ sung","Mã biến thể","Tên biến thể","Công suất","Phân loại viền"
"PVI-VDPTC","Viền/Mặt trước dùng chung PTC/PTR","(PVI) Viền/Phần mặt trước","Mua hàng","PVI-VDPTCC050","Viền/Mặt trước dùng chung PTC/PTR Công suất 50W","50W",""
"PVI-VDPTC","Viền/Mặt trước dùng chung PTC/PTR","(PVI) Viền/Phần mặt trước","Mua hàng","PVI-VDPTCC100","Viền/Mặt trước dùng chung PTC/PTR Công suất 100W","100W",""
"PVI-VDPTC","Viền/Mặt trước dùng chung PTC/PTR","(PVI) Viền/Phần mặt trước","Mua hàng","PVI-VDPTCC150","Viền/Mặt trước dùng chung PTC/PTR Công suất 150W","150W",""
"PVI-VDPTC","Viền/Mặt trước dùng chung PTC/PTR","(PVI) Viền/Phần mặt trước","Mua hàng","PVI-VDPTCC200","Viền/Mặt trước dùng chung PTC/PTR Công suất 200W","200W",""
"PVI-VDPTC","Viền/Mặt trước dùng chung PTC/PTR","(PVI) Viền/Phần mặt trước","Mua hàng","PVI-VDPTCC250","Viền/Mặt trước dùng chung PTC/PTR Công suất 250W","250W",""
"PVI-VDPTC","Viền/Mặt trước dùng chung PTC/PTR","(PVI) Viền/Phần mặt trước","Mua hàng","PVI-VDPTCC300","Viền/Mặt trước dùng chung PTC/PTR Công suất 300W","300W",""
"PVI-VDPTC","Viền/Mặt trước dùng chung PTC/PTR","(PVI) Viền/Phần mặt trước","Mua hàng","PVI-VDPTCC400","Viền/Mặt trước dùng chung PTC/PTR Công suất 400W","400W",""
"PVI-VDPTC","Viền/Mặt trước dùng chung PTC/PTR","(PVI) Viền/Phần mặt trước","Mua hàng","PVI-VDPTCC500","Viền/Mặt trước dùng chung PTC/PTR Công suất 500W","500W",""
"PVI-VDPTC","Viền/Mặt trước dùng chung PTC/PTR","(PVI) Viền/Phần mặt trước","Mua hàng","PVI-VDPTCC600","Viền/Mặt trước dùng chung PTC/PTR Công suất 600W","600W",""
"PVI-VDPTR","Viền/Mặt trước đèn pha chóa rộng PTR","(PVI) Viền/Phần mặt trước","Mua hàng","PVI-VDPTRC010","Viền/Mặt trước đèn pha chóa rộng PTR Công suất 10W","10W",""
"PVI-VDPTR","Viền/Mặt trước đèn pha chóa rộng PTR","(PVI) Viền/Phần mặt trước","Mua hàng","PVI-VDPTRC020","Viền/Mặt trước đèn pha chóa rộng PTR Công suất 20W","20W",""
"PVI-VDPTR","Viền/Mặt trước đèn pha chóa rộng PTR","(PVI) Viền/Phần mặt trước","Mua hàng","PVI-VDPTRC030","Viền/Mặt trước đèn pha chóa rộng PTR Công suất 30W","30W",""
"PVI-VDPTR","Viền/Mặt trước đèn pha chóa rộng PTR","(PVI) Viền/Phần mặt trước","Mua hàng","PVI-VDPTRC050","Viền/Mặt trước đèn pha chóa rộng PTR Công suất 50W","50W",""
"PVI-VDPXH","Viền/Mặt trước đèn pha rọi xám PXH","(PVI) Viền/Phần mặt trước","Mua hàng","PVI-VDPXHC010","Viền/Mặt trước đèn pha rọi xám PXH Công suất 10W","10W",""
"PVI-VDPXH","Viền/Mặt trước đèn pha rọi xám PXH","(PVI) Viền/Phần mặt trước","Mua hàng","PVI-VDPXHC020","Viền/Mặt trước đèn pha rọi xám PXH Công suất 20W","20W",""
"PVI-VDPXH","Viền/Mặt trước đèn pha rọi xám PXH","(PVI) Viền/Phần mặt trước","Mua hàng","PVI-VDPXHC030","Viền/Mặt trước đèn pha rọi xám PXH Công suất 30W","30W",""
"PVI-VDPXH","Viền/Mặt trước đèn pha rọi xám PXH","(PVI) Viền/Phần mặt trước","Mua hàng","PVI-VDPXHC050","Viền/Mặt trước đèn pha rọi xám PXH Công suất 50W","50W",""
"PVI-VDPXH","Viền/Mặt trước đèn pha rọi xám PXH","(PVI) Viền/Phần mặt trước","Mua hàng","PVI-VDPXHC100","Viền/Mặt trước đèn pha rọi xám PXH Công suất 100W","100W",""
"PVI-VDPXH","Viền/Mặt trước đèn pha rọi xám PXH","(PVI) Viền/Phần mặt trước","Mua hàng","PVI-VDPXHC150","Viền/Mặt trước đèn pha rọi xám PXH Công suất 150W","150W",""
"PVI-VDPXH","Viền/Mặt trước đèn pha rọi xám PXH","(PVI) Viền/Phần mặt trước","Mua hàng","PVI-VDPXHC200","Viền/Mặt trước đèn pha rọi xám PXH Công suất 200W","200W",""
"PVI-VDPXH","Viền/Mặt trước đèn pha rọi xám PXH","(PVI) Viền/Phần mặt trước","Mua hàng","PVI-VDPXHC250","Viền/Mặt trước đèn pha rọi xám PXH Công suất 250W","250W",""
"PVI-VDPXH","Viền/Mặt trước đèn pha rọi xám PXH","(PVI) Viền/Phần mặt trước","Mua hàng","PVI-VDPXHC300","Viền/Mặt trước đèn pha rọi xám PXH Công suất 300W","300W",""
"PVI-VDPXH","Viền/Mặt trước đèn pha rọi xám PXH","(PVI) Viền/Phần mặt trước","Mua hàng","PVI-VDPXHC400","Viền/Mặt trước đèn pha rọi xám PXH Công suất 400W","400W",""
"PVI-VDPXH","Viền/Mặt trước đèn pha rọi xám PXH","(PVI) Viền/Phần mặt trước","Mua hàng","PVI-VDPXHC500","Viền/Mặt trước đèn pha rọi xám PXH Công suất 500W","500W",""
"PVI-VDPTV","Viền/Mặt trước đèn pha vuông PTV","(PVI) Viền/Phần mặt trước","Mua hàng","PVI-VDPTVC100","Viền/Mặt trước đèn pha vuông PTV Công suất 100W","100W",""
"PVI-VDPTV","Viền/Mặt trước đèn pha vuông PTV","(PVI) Viền/Phần mặt trước","Mua hàng","PVI-VDPTVC150","Viền/Mặt trước đèn pha vuông PTV Công suất 150W","150W",""
"PVI-VDPTV","Viền/Mặt trước đèn pha vuông PTV","(PVI) Viền/Phần mặt trước","Mua hàng","PVI-VDPTVC200","Viền/Mặt trước đèn pha vuông PTV Công suất 200W","200W",""
"PVI-VDPTV","Viền/Mặt trước đèn pha vuông PTV","(PVI) Viền/Phần mặt trước","Mua hàng","PVI-VDPTVC300","Viền/Mặt trước đèn pha vuông PTV Công suất 300W","300W",""
"PVI-VDPTV","Viền/Mặt trước đèn pha vuông PTV","(PVI) Viền/Phần mặt trước","Mua hàng","PVI-VDPTVC400","Viền/Mặt trước đèn pha vuông PTV Công suất 400W","400W",""
"PVI-VDPTV","Viền/Mặt trước đèn pha vuông PTV","(PVI) Viền/Phần mặt trước","Mua hàng","PVI-VDPTVC500","Viền/Mặt trước đèn pha vuông PTV Công suất 500W","500W",""
"PVI-VDPVL","Viền/Mặt trước đèn pha viền mắt lồi PVL","(PVI) Viền/Phần mặt trước","Mua hàng","PVI-VDPVLC100","Viền/Mặt trước đèn pha viền mắt lồi PVL Công suất 100W","100W",""
"PVI-VDPVL","Viền/Mặt trước đèn pha viền mắt lồi PVL","(PVI) Viền/Phần mặt trước","Mua hàng","PVI-VDPVLC150","Viền/Mặt trước đèn pha viền mắt lồi PVL Công suất 150W","150W",""
"PVI-VDPVL","Viền/Mặt trước đèn pha viền mắt lồi PVL","(PVI) Viền/Phần mặt trước","Mua hàng","PVI-VDPVLC200","Viền/Mặt trước đèn pha viền mắt lồi PVL Công suất 200W","200W",""
"PVI-VDPVL","Viền/Mặt trước đèn pha viền mắt lồi PVL","(PVI) Viền/Phần mặt trước","Mua hàng","PVI-VDPVLC250","Viền/Mặt trước đèn pha viền mắt lồi PVL Công suất 250W","250W",""
"PVI-VDPVL","Viền/Mặt trước đèn pha viền mắt lồi PVL","(PVI) Viền/Phần mặt trước","Mua hàng","PVI-VDPVLC300","Viền/Mặt trước đèn pha viền mắt lồi PVL Công suất 300W","300W",""
"PVI-VDPVL","Viền/Mặt trước đèn pha viền mắt lồi PVL","(PVI) Viền/Phần mặt trước","Mua hàng","PVI-VDPVLC400","Viền/Mặt trước đèn pha viền mắt lồi PVL Công suất 400W","400W",""
"PVI-VDNU2","Viền/Mặt trước đèn chống nổ UFO NU2","(PVI) Viền/Phần mặt trước","Mua hàng","PVI-VDNU2S100","Viền/Mặt trước đèn chống nổ UFO NU2 Công suất 100W","100W",""
"PVI-VDNU2","Viền/Mặt trước đèn chống nổ UFO NU2","(PVI) Viền/Phần mặt trước","Mua hàng","PVI-VDNU2S200","Viền/Mặt trước đèn chống nổ UFO NU2 Công suất 200W","200W",""
"PVI-VDNU2","Viền/Mặt trước đèn chống nổ UFO NU2","(PVI) Viền/Phần mặt trước","Mua hàng","PVI-VDNU2S250","Viền/Mặt trước đèn chống nổ UFO NU2 Công suất 250W","250W",""
"PVI-VDNP1","Viền/Mặt trước đèn chống nổ pha NP1","(PVI) Viền/Phần mặt trước","Mua hàng","PVI-VDNP1S150","Viền/Mặt trước đèn chống nổ pha NP1 Công suất 150W","150W",""
"PVI-VDNP1","Viền/Mặt trước đèn chống nổ pha NP1","(PVI) Viền/Phần mặt trước","Mua hàng","PVI-VDNP1S200","Viền/Mặt trước đèn chống nổ pha NP1 Công suất 200W","200W",""
"PVI-VDNP1","Viền/Mặt trước đèn chống nổ pha NP1","(PVI) Viền/Phần mặt trước","Mua hàng","PVI-VDNP1S400","Viền/Mặt trước đèn chống nổ pha NP1 Công suất 400W","400W",""
"PVI-VDD20","Viền/Mặt trước đèn đường D20","(PVI) Viền/Phần mặt trước","Mua hàng","PVI-VDD20S050-A","Viền/Mặt trước đèn đường D20 Công suất 50W - Mẫu A","50W","Mẫu A"
"PVI-VDD20","Viền/Mặt trước đèn đường D20","(PVI) Viền/Phần mặt trước","Mua hàng","PVI-VDD20S100-A","Viền/Mặt trước đèn đường D20 Công suất 100W - Mẫu A","100W","Mẫu A"
"PVI-VDD20","Viền/Mặt trước đèn đường D20","(PVI) Viền/Phần mặt trước","Mua hàng","PVI-VDD20S150-A","Viền/Mặt trước đèn đường D20 Công suất 150W - Mẫu A","150W","Mẫu A"
"PVI-VDD20","Viền/Mặt trước đèn đường D20","(PVI) Viền/Phần mặt trước","Mua hàng","PVI-VDD20S200-A","Viền/Mặt trước đèn đường D20 Công suất 200W - Mẫu A","200W","Mẫu A"
"PVI-VDD20","Viền/Mặt trước đèn đường D20","(PVI) Viền/Phần mặt trước","Mua hàng","PVI-VDD20S050-B","Viền/Mặt trước đèn đường D20 Công suất 50W - Mẫu B","50W","Mẫu B"
"PVI-VDD20","Viền/Mặt trước đèn đường D20","(PVI) Viền/Phần mặt trước","Mua hàng","PVI-VDD20S100-B","Viền/Mặt trước đèn đường D20 Công suất 100W - Mẫu B","100W","Mẫu B"
"PVI-VDD20","Viền/Mặt trước đèn đường D20","(PVI) Viền/Phần mặt trước","Mua hàng","PVI-VDD20S150-B","Viền/Mặt trước đèn đường D20 Công suất 150W - Mẫu B","150W","Mẫu B"
"PVI-VDD20","Viền/Mặt trước đèn đường D20","(PVI) Viền/Phần mặt trước","Mua hàng","PVI-VDD20S200-B","Viền/Mặt trước đèn đường D20 Công suất 200W - Mẫu B","200W","Mẫu B"
"PVI-VDD21","Viền/Mặt trước đèn đường D21","(PVI) Viền/Phần mặt trước","Mua hàng","PVI-VDD21S050","Viền/Mặt trước đèn đường D21 Công suất 50W","50W",""
"PVI-VDD21","Viền/Mặt trước đèn đường D21","(PVI) Viền/Phần mặt trước","Mua hàng","PVI-VDD21S100","Viền/Mặt trước đèn đường D21 Công suất 100W","100W",""
"PVI-VDD21","Viền/Mặt trước đèn đường D21","(PVI) Viền/Phần mặt trước","Mua hàng","PVI-VDD21S150","Viền/Mặt trước đèn đường D21 Công suất 150W","150W",""
"PVI-VDD21","Viền/Mặt trước đèn đường D21","(PVI) Viền/Phần mặt trước","Mua hàng","PVI-VDD21S200","Viền/Mặt trước đèn đường D21 Công suất 200W","200W",""
"PVI-VDD22","Viền/Mặt trước đèn đường D22","(PVI) Viền/Phần mặt trước","Mua hàng","PVI-VDD22S050","Viền/Mặt trước đèn đường D22 Công suất 50W","50W",""
"PVI-VDD22","Viền/Mặt trước đèn đường D22","(PVI) Viền/Phần mặt trước","Mua hàng","PVI-VDD22S100","Viền/Mặt trước đèn đường D22 Công suất 100W","100W",""
"PVI-VDD22","Viền/Mặt trước đèn đường D22","(PVI) Viền/Phần mặt trước","Mua hàng","PVI-VDD22S150","Viền/Mặt trước đèn đường D22 Công suất 150W","150W",""
"PVI-VDD22","Viền/Mặt trước đèn đường D22","(PVI) Viền/Phần mặt trước","Mua hàng","PVI-VDD22S200","Viền/Mặt trước đèn đường D22 Công suất 200W","200W",""
"PVI-VDD22","Viền/Mặt trước đèn đường D22","(PVI) Viền/Phần mặt trước","Mua hàng","PVI-VDD22S250","Viền/Mặt trước đèn đường D22 Công suất 250W","250W",""
"PVI-VDD23","Viền/Mặt trước đèn đường D23","(PVI) Viền/Phần mặt trước","Mua hàng","PVI-VDD23S050","Viền/Mặt trước đèn đường D23 Công suất 50W","50W",""
"PVI-VDD23","Viền/Mặt trước đèn đường D23","(PVI) Viền/Phần mặt trước","Mua hàng","PVI-VDD23S100","Viền/Mặt trước đèn đường D23 Công suất 100W","100W",""
"PVI-VDD23","Viền/Mặt trước đèn đường D23","(PVI) Viền/Phần mặt trước","Mua hàng","PVI-VDD23S150","Viền/Mặt trước đèn đường D23 Công suất 150W","150W",""
"PVI-VDD23","Viền/Mặt trước đèn đường D23","(PVI) Viền/Phần mặt trước","Mua hàng","PVI-VDD23S200","Viền/Mặt trước đèn đường D23 Công suất 200W","200W",""
"PVI-VDD23","Viền/Mặt trước đèn đường D23","(PVI) Viền/Phần mặt trước","Mua hàng","PVI-VDD23S250","Viền/Mặt trước đèn đường D23 Công suất 250W","250W",""
"PVI-VDD25","Viền/Mặt trước đèn đường D25","(PVI) Viền/Phần mặt trước","Mua hàng","PVI-VDD25S050","Viền/Mặt trước đèn đường D25 Công suất 50W","50W",""
"PVI-VDD25","Viền/Mặt trước đèn đường D25","(PVI) Viền/Phần mặt trước","Mua hàng","PVI-VDD25S100","Viền/Mặt trước đèn đường D25 Công suất 100W","100W",""
"PVI-VDD25","Viền/Mặt trước đèn đường D25","(PVI) Viền/Phần mặt trước","Mua hàng","PVI-VDD25S150","Viền/Mặt trước đèn đường D25 Công suất 150W","150W",""
"PVI-VDD25","Viền/Mặt trước đèn đường D25","(PVI) Viền/Phần mặt trước","Mua hàng","PVI-VDD25S200","Viền/Mặt trước đèn đường D25 Công suất 200W","200W",""
"PVI-VDD25","Viền/Mặt trước đèn đường D25","(PVI) Viền/Phần mặt trước","Mua hàng","PVI-VDD25S250","Viền/Mặt trước đèn đường D25 Công suất 250W","250W",""
"PVI-VDD26","Viền/Mặt trước đèn đường D26","(PVI) Viền/Phần mặt trước","Mua hàng","PVI-VDD26S050","Viền/Mặt trước đèn đường D26 Công suất 50W","50W",""
"PVI-VDD26","Viền/Mặt trước đèn đường D26","(PVI) Viền/Phần mặt trước","Mua hàng","PVI-VDD26S100","Viền/Mặt trước đèn đường D26 Công suất 100W","100W",""
"PVI-VDD26","Viền/Mặt trước đèn đường D26","(PVI) Viền/Phần mặt trước","Mua hàng","PVI-VDD26S150","Viền/Mặt trước đèn đường D26 Công suất 150W","150W",""
"PVI-VDD26","Viền/Mặt trước đèn đường D26","(PVI) Viền/Phần mặt trước","Mua hàng","PVI-VDD26S200","Viền/Mặt trước đèn đường D26 Công suất 200W","200W",""
"PVI-VDD26","Viền/Mặt trước đèn đường D26","(PVI) Viền/Phần mặt trước","Mua hàng","PVI-VDD26S250","Viền/Mặt trước đèn đường D26 Công suất 250W","250W",""